slug,название,дата выхода,возрастной рейтинг,жанры,разработчики,издатели,основная платформа,оценка критиков,рецензий,оценка игроков,оценок,резюме,летсплей,ссылка Metacritic,ссылка на летсплей,видео,обложка,добавлена,обновлена
elden-ring-tarnished-edition,Elden Ring: Tarnished Edition,2026-08-28,M,Action RPG,From Software,Bandai Namco Games; From Software,Nintendo Switch 2,90,53,8.2,140,2,готов,https://www.metacritic.com/game/elden-ring-tarnished-edition/,https://www.youtube.com/watch?v=ske11nLVHhs,https://cdn.jwplayer.com/players/OXExoEAD.html,https://www.metacritic.com/a/img/catalog/provider/7/2/7-1787423371.jpg,2026-09-15 12:42,2026-09-15 12:43
valheim,Valheim,2026-09-09,,Sandbox,Iron Gate AB,Coffee Stain Publishing,PC,89,17,7.6,102,2,готов,https://www.metacritic.com/game/valheim/,https://www.youtube.com/watch?v=j-bN-MUzvI0,https://cdn.jwplayer.com/players/sEL0xkzy.html,https://www.metacritic.com/a/img/catalog/provider/7/2/7-1781630474.jpg,2026-09-15 12:42,2026-09-16 10:00
welcome-to-elderfield,Welcome to Elderfield,2026-09-10,,RPG,Chris Cote,Kwalee Ltd,PC,86,10,8.4,23,2,готов,https://www.metacritic.com/game/welcome-to-elderfield/,https://www.youtube.com/watch?v=zShxf0U9wBA,https://video.akamai.steamstatic.com/store_trailers/3195440/20953532/b874bce6c91105e7b363ac88ac03aba01962bffb/1789037202/hls_264_master.m3u8?t=1789051815,https://www.metacritic.com/a/img/catalog/provider/7/2/7-1788886647.jpg,2026-09-15 12:42,2026-09-16 10:00
onimusha-way-of-the-sword,Onimusha: Way of the Sword,2026-09-04,M,Action Adventure,Capcom,Capcom,PlayStation 5,85,101,8.6,612,2,готов,https://www.metacritic.com/game/onimusha-way-of-the-sword/,https://www.youtube.com/watch?v=mhnIKRRYcys,https://cdn.jwplayer.com/players/Eibtv31Y.html,https://www.metacritic.com/a/img/catalog/provider/7/2/7-1781631535.jpg,2026-09-15 12:42,2026-09-16 10:00
the-blood-of-dawnwalker,The Blood of Dawnwalker,2026-09-03,M,Action RPG,Rebel Wolves,Bandai Namco Games,PlayStation 5,83,69,8.3,981,2,готов,https://www.metacritic.com/game/the-blood-of-dawnwalker/,https://www.youtube.com/watch?v=nLgbKoY6ZlE,https://cdn.jwplayer.com/players/eSfGZryF.html,https://www.metacritic.com/a/img/catalog/provider/7/2/7-1777678175.jpg,2026-09-15 12:42,2026-09-16 10:00
orbitals,Orbitals,2026-09-03,E10+,Linear Action Adventure,Shapefarm,Kepler Interactive,Nintendo Switch 2,82,81,8.5,95,2,готов,https://www.metacritic.com/game/orbitals/,https://www.youtube.com/watch?v=rEJIWfeRrN0,,https://www.metacritic.com/a/img/catalog/provider/7/2/7-1787423536.jpg,2026-09-15 12:42,2026-09-16 10:00
moonlighter-2-the-endless-vault,Moonlighter 2: The Endless Vault,2026-09-02,,Action RPG,Digital Sun,11 bit studios; Silver Lining Interactive,PC,80,9,8.4,11,2,готов,https://www.metacritic.com/game/moonlighter-2-the-endless-vault/,https://www.youtube.com/watch?v=ZNa3Zqc-3uc,https://video.akamai.steamstatic.com/store_trailers/2350790/1318782718/53fe79134a5e519aa3f8e87c0654aae83c2ec4a5/1787753870/hls_264_master.m3u8?t=1788353852,https://www.metacritic.com/a/img/catalog/provider/7/2/7-1788147585.jpg,2026-09-15 12:42,2026-09-16 10:00
marsupilami-2-salsa-palombia,Marsupilami 2 - Salsa Palombia,2026-09-03,,2D Platformer,Ocellus Studio,Microids,PC,79,6,8.3,4,1,не найден,https://www.metacritic.com/game/marsupilami-2-salsa-palombia/,,https://video.akamai.steamstatic.com/store_trailers/3650170/427261834/779eff553dd7ded279f003b5129e1c062ec59121/1787579057/hls_264_master.m3u8?t=1788447711,https://www.metacritic.com/a/img/catalog/provider/7/2/7-1788547757.jpg,2026-09-15 12:42,2026-09-16 10:00
aniimo,Aniimo,2026-09-16,,Trainer RPG,Pawprint Studio,Pawprint Studio,PC,78,6,,0,1,готов,https://www.metacritic.com/game/aniimo/,https://www.youtube.com/watch?v=00I2O7Wrrbs,https://video.akamai.steamstatic.com/store_trailers/4126040/1923313674/6079424435b1213ff28f354ab87110be8c651cb0/1787702689/hls_264_master.m3u8?t=1787709929,https://www.metacritic.com/a/img/catalog/provider/7/2/7-1789446769.jpg,2026-09-16 10:00,2026-09-16 10:00
marvels-wolverine,Marvel's Wolverine,2026-09-15,M,Open-World Action,Insomniac Games,Sony Interactive Entertainment,PlayStation 5,77,123,,0,1,готов,https://www.metacritic.com/game/marvels-wolverine/,https://www.youtube.com/watch?v=EVdp0NNVUoU,https://cdn.jwplayer.com/players/eJfUCVgG.html,https://www.metacritic.com/a/img/catalog/provider/7/2/7-1780161558.jpg,2026-09-15 12:42,2026-09-16 10:00
nba-2k27,NBA 2K27,2026-09-04,E,Basketball Sim,Visual Concepts,2K Games; Take-Two Interactive,PlayStation 5,77,28,4.6,28,2,готов,https://www.metacritic.com/game/nba-2k27/,https://www.youtube.com/watch?v=dXuKpNcwEhY,https://video.akamai.steamstatic.com/store_trailers/4356430/507063154/0aec1f3df7ee681b978ba45dff5d8fc731250f14/1787853952/hls_264_master.m3u8?t=1787855106,https://www.metacritic.com/a/img/catalog/provider/7/2/7-1787423840.jpg,2026-09-15 12:42,2026-09-16 10:00
hot-wheels-infinite-rush,Hot Wheels Infinite Rush,2026-09-10,E,Arcade Racing,Milestone S.r.l,Milestone S.r.l,PlayStation 5,75,30,7.8,11,2,готов,https://www.metacritic.com/game/hot-wheels-infinite-rush/,https://www.youtube.com/watch?v=eiLh27q8zPs,https://video.akamai.steamstatic.com/store_trailers/2821390/1960838788/77a4935dbb4d4d45f1f741befa758e11fc40ecdc/1788515404/hls_264_master.m3u8?t=1789052573,https://www.metacritic.com/a/img/catalog/provider/7/2/7-1781631032.jpg,2026-09-15 12:42,2026-09-16 10:00
sprawl-zero,SPRAWL zero,2026-09-08,,FPS,MAETH,Kwalee Ltd,PC,75,8,8.1,9,2,готов,https://www.metacritic.com/game/sprawl-zero/,https://www.youtube.com/watch?v=593UJzrXTlA,https://video.akamai.steamstatic.com/store_trailers/3748520/691510250/2683a531f7df5782fcc3b9a808fcbf97ee4ccce6/1788449074/hls_264_master.m3u8?t=1788879174,https://www.metacritic.com/a/img/catalog/provider/7/2/7-1788751710.jpg,2026-09-15 12:42,2026-09-16 10:00
captain-tsubasa-2-world-fighters,Captain Tsubasa 2: World Fighters,2026-08-28,E,Soccer,Tamsoft,Bandai Namco Games,PlayStation 5,74,34,6.3,32,2,готов,https://www.metacritic.com/game/captain-tsubasa-2-world-fighters/,https://www.youtube.com/watch?v=DXXYdfIJ0b4,,https://www.metacritic.com/a/img/catalog/provider/7/2/7-1787758352.jpg,2026-09-15 12:42,2026-09-15 12:43
another-eden-begins,Another Eden Begins,2026-09-16,,JRPG,Wright Flyer Studios,Wright Flyer Studios,PC,73,14,,0,1,готов,https://www.metacritic.com/game/another-eden-begins/,https://www.youtube.com/watch?v=SzaJHMm_OFA,https://video.akamai.steamstatic.com/store_trailers/4163960/1777773706/ef62a714e92c89c91061d54b7c3d4f829f94a912/1770626785/hls_264_master.m3u8?t=1770686730,https://www.metacritic.com/a/img/catalog/provider/7/2/7-1789365702.jpg,2026-09-16 10:00,2026-09-16 10:00
crimson-moon,Crimson Moon,2026-09-01,,Action Adventure,ProbablyMonsters,ProbablyMonsters,PC,72,9,6.7,32,2,готов,https://www.metacritic.com/game/crimson-moon/,https://www.youtube.com/watch?v=1nf3xYA6TMo,https://video.akamai.steamstatic.com/store_trailers/4317690/314931554/9c54ba4d2f7c190fd7fa6ceeeff65d82b6233475/1787768540/hls_264_master.m3u8?t=1788281430,https://www.metacritic.com/a/img/catalog/provider/7/2/7-1788279891.jpg,2026-09-15 12:42,2026-09-16 10:00
halloween-the-game,Halloween: The Game,2026-09-08,M,Survival,IllFonic,IllFonic; Nighthawk Interactive,PlayStation 5,68,12,7.6,21,2,готов,https://www.metacritic.com/game/halloween-the-game/,https://www.youtube.com/watch?v=Bc1hwOcs0JU,https://cdn.jwplayer.com/players/FGCp8Kop.html,https://www.metacritic.com/a/img/catalog/provider/7/2/7-1776805765.jpg,2026-09-15 12:42,2026-09-16 10:00
nhl-27,NHL 27,2026-09-11,E10+,Hockey Sim,EA Vancouver,Electronic Arts,PlayStation 5,68,13,3.1,17,2,готов,https://www.metacritic.com/game/nhl-27/,https://www.youtube.com/watch?v=Ew-O0rvTv1I,,https://www.metacritic.com/a/img/catalog/provider/7/2/7-1788247064.jpg,2026-09-15 12:42,2026-09-16 10:00
wo-long-fallen-dynasty-complete-edition,Wo Long: Fallen Dynasty - Complete Edition,2026-09-03,M,Action RPG,Team Ninja,Koei Tecmo Games,Nintendo Switch 2,67,9,5.6,5,1,готов,https://www.metacritic.com/game/wo-long-fallen-dynasty-complete-edition/,https://www.youtube.com/watch?v=Hyehc61u8OU,https://cdn.jwplayer.com/players/m7bm9LAW.html,https://www.metacritic.com/a/img/catalog/provider/6/12/6-1-1274889-17.jpg,2026-09-15 12:42,2026-09-16 10:00
bus-simulator-27,Bus Simulator 27,2026-09-08,,Vehicle Sim,Simteract,astragon,PC,66,4,,2,2,готов,https://www.metacritic.com/game/bus-simulator-27/,https://www.youtube.com/watch?v=mTTURiczxP0,https://video.akamai.steamstatic.com/store_trailers/2397320/1119593600/6d82a5093b99445e093039077963380b1fba8265/1788866410/hls_264_master.m3u8?t=1788880086,https://www.metacritic.com/a/img/catalog/provider/7/2/7-1788986991.jpg,2026-09-15 12:42,2026-09-16 10:00
the-alighieri-circle-dantes-bloodline,The Alighieri Circle: Dante's Bloodline,2026-09-10,,First-Person Adventure,ONE-O-ONE Games,Entalto Publishing,PC,66,4,,3,1,готов,https://www.metacritic.com/game/the-alighieri-circle-dantes-bloodline/,https://www.youtube.com/watch?v=SQXGJaxmYn0,https://video.akamai.steamstatic.com/store_trailers/4262620/846733337/afbde2375ce1ca8ff093e4b1a744b735ace01576/1787125265/hls_264_master.m3u8?t=1787125986,https://www.metacritic.com/a/img/catalog/provider/6/12/6-1-1200862-52.jpg,2026-09-16 10:00,2026-09-16 10:00
bioeden,BioEden,2026-09-03,,Management,Broken Arms Games,Focus Entertainment,PC,64,5,,1,1,готов,https://www.metacritic.com/game/bioeden/,https://www.youtube.com/watch?v=ncXL8TLx0sM,https://video.akamai.steamstatic.com/store_trailers/3265840/38518839/1a276955ffc956feb609b3b5b488797087078005/1788427413/hls_264_master.m3u8?t=1788451303,https://www.metacritic.com/a/img/catalog/provider/7/2/7-1788547625.jpg,2026-09-15 12:42,2026-09-16 10:00
serious-sam-shatterverse,Serious Sam: Shatterverse,2026-08-31,,FPS,Behaviour Interactive,Devolver Digital,PC,47,5,6.3,4,2,готов,https://www.metacritic.com/game/serious-sam-shatterverse/,https://www.youtube.com/watch?v=lzXM2aOxBr0,https://video.akamai.steamstatic.com/store_trailers/2067210/1133478281/a2f325a0500e9c98714512af07c03bc62c3690ac/1788183088/hls_264_master.m3u8?t=1788191119,https://www.metacritic.com/a/img/catalog/provider/7/2/7-1789365273.jpg,2026-09-15 12:42,2026-09-15 12:43
5-in-1-arcade-vault,5 in 1 Arcade Vault,2026-09-15,T,Compilation,Neverliss,Xitilon,Xbox Series X,,1,,0,1,готов,https://www.metacritic.com/game/5-in-1-arcade-vault/,https://www.youtube.com/watch?v=fXX5Foe2G1Q,,https://www.metacritic.com/a/img/catalog/provider/6/12/6-1-1278809-52.jpg,2026-09-16 15:00,2026-09-16 15:00
771,771,2026-09-14,,First-Person Adventure,Admia,Admia,PC,,0,,0,0,готов,https://www.metacritic.com/game/771/,https://www.youtube.com/watch?v=p4p9SqmDE9c,https://video.akamai.steamstatic.com/store_trailers/3916440/729496298/cfec801b14480874724d004e8efff3f9b85ec63b/1787803461/hls_264_master.m3u8?t=1787806473,https://www.metacritic.com/a/img/catalog/provider/6/12/6-1-1276909-52.jpg,2026-09-16 19:37,2026-09-16 19:37
911-dispatcher-unknown-caller,911 Dispatcher: Unknown Caller,2026-09-14,,First-Person Adventure,Room13Games,Room13Games,PC,,0,,0,0,готов,https://www.metacritic.com/game/911-dispatcher-unknown-caller/,https://www.youtube.com/watch?v=407cCjT6_Jk,https://video.akamai.steamstatic.com/store_trailers/5133880/1997021726/a85ca6d0ffe142de3ade162ad24c03cfa2ac42a0/1787344452/hls_264_master.m3u8?t=1787755273,https://www.metacritic.com/a/img/catalog/provider/6/12/6-1-1276431-52.jpg,2026-09-16 19:10,2026-09-16 19:10
a-decent-farewell,A Decent Farewell,2026-09-15,,First-Person Adventure,Best Brush Studio,Best Brush Studio,PC,,0,,0,0,не найден,https://www.metacritic.com/game/a-decent-farewell/,,https://video.akamai.steamstatic.com/store_trailers/5109380/621135784/018540bd0b69290219a7cce98c08b4e0ad55517e/1786728838/hls_264_master.m3u8?t=1788744641,https://www.metacritic.com/a/img/catalog/provider/6/12/6-1-1282278-52.jpg,2026-09-15 19:00,2026-09-16 14:00
a-game-about-flipping-cards,A Game About Flipping Cards,2026-09-15,,Strategy,Zandbox Studio,Zandbox Studio,PC,,0,,0,0,не найден,https://www.metacritic.com/game/a-game-about-flipping-cards/,,https://video.akamai.steamstatic.com/store_trailers/4659250/1768204268/e07251fbb8ef0291e2b5919c32972e0915d9aea3/1779870368/hls_264_master.m3u8?t=1779870519,https://www.metacritic.com/a/img/catalog/provider/6/12/6-1-1231106-52.jpg,2026-09-16 11:11,2026-09-16 11:11
a-graveyard-shift,A Graveyard Shift,2026-09-14,,First-Person Adventure,pumpkin.games,pumpkin.games,PC,,0,,0,0,готов,https://www.metacritic.com/game/a-graveyard-shift/,https://www.youtube.com/watch?v=H3OH8gUYTZ0,https://video.akamai.steamstatic.com/store_trailers/4897200/2041084319/5822e38fba4bc7555b88384cf486d7bf602d6f8d/1782596777/hls_264_master.m3u8?t=1783001790,https://www.metacritic.com/a/img/catalog/provider/6/12/6-1-1255324-52.jpg,2026-09-16 19:10,2026-09-16 19:10
afk-army-for-keyboard,AFK - Army For Keyboard,2026-09-16,,Puzzle,Lumethis Ekibi,Lumethis,PC,,0,,0,0,не найден,https://www.metacritic.com/game/afk-army-for-keyboard/,,https://video.akamai.steamstatic.com/store_trailers/5194330/1156072443/a8ce6095327c812f676dc568ecc10937b978e0a9/1789064112/hls_264_master.m3u8?t=1789064595,https://www.metacritic.com/a/img/catalog/provider/6/12/6-1-1280453-52.jpg,2026-09-16 11:00,2026-09-16 11:00
akiba-lost,AKIBA LOST,2026-09-16,,Action Adventure,IzanagiGames,IzanagiGames,PlayStation 5,,0,,0,0,не найден,https://www.metacritic.com/game/akiba-lost/,,https://video.akamai.steamstatic.com/store_trailers/4131220/885385408/97619c96750933d6ed9e3b8ab521a363f4adb6ef/1769152784/hls_264_master.m3u8?t=1769154789,https://www.metacritic.com/a/img/catalog/provider/6/12/6-1-1157846-59.jpg,2026-09-16 10:28,2026-09-16 10:28
ares-the-iron-vanguard,ARES: THE IRON VANGUARD,2026-09-15,,Action RPG,Second Dive,Com2uS,PC,,0,,0,0,готов,https://www.metacritic.com/game/ares-the-iron-vanguard/,https://www.youtube.com/watch?v=rJaIe0RGeQU,,https://www.metacritic.com/a/img/catalog/provider/6/12/6-1-1282691-59.jpg,2026-09-15 13:00,2026-09-16 15:00
active-matter,Active Matter,2026-09-15,,Tactical FPS,Matter Team,Gaijin Entertainment,PC,,0,,0,0,готов,https://www.metacritic.com/game/active-matter/,https://www.youtube.com/watch?v=ZM3geD7WANA,https://video.akamai.steamstatic.com/store_trailers/2887580/696215680/336f7a62298d6389ce7feb3d67d69c37e7ae4ebc/1789133384/hls_264_master.m3u8?t=1789462798,https://www.metacritic.com/a/img/catalog/provider/6/12/6-1-1066820-52.jpg,2026-09-16 15:00,2026-09-16 15:00
after-dark-jigsaw,After Dark Jigsaw,2026-09-14,,Puzzle,Hidden File,Hidden File,PC,,0,,0,0,не найден,https://www.metacritic.com/game/after-dark-jigsaw/,,https://video.akamai.steamstatic.com/store_trailers/5096850/1607679886/b140618486861364203ca84dd6a663d4bafa1ff2/1786472783/hls_264_master.m3u8?t=1788214163,https://www.metacritic.com/a/img/catalog/provider/6/12/6-1-1279015-52.jpg,2026-09-16 19:37,2026-09-16 19:37
alex-and-arty,Alex & Arty,2026-09-16,,Action Adventure,"ROLLDBOX GAMES, SL",Jatai Games,PC,,0,,0,0,готов,https://www.metacritic.com/game/alex-and-arty/,https://www.youtube.com/watch?v=5ONG8kaqVXc,https://video.akamai.steamstatic.com/store_trailers/2854800/793938685/49720c437e1015a49c976680fffac8e6b4df878f/1789565782/hls_264_master.m3u8?t=1789569302,https://www.metacritic.com/a/img/catalog/provider/6/12/6-1-1166359-52.jpg,2026-09-16 10:28,2026-09-16 10:28
ancient-chinese-grand-strategy,Ancient Chinese Grand Strategy,2026-09-14,,Strategy,Dai Junjun,Network Star Games Technology Co.,PC,,0,,0,0,не найден,https://www.metacritic.com/game/ancient-chinese-grand-strategy/,,,https://www.metacritic.com/a/img/catalog/provider/6/12/6-1-1252380-52.jpg,2026-09-16 19:25,2026-09-16 19:25
are-you-chicken,Are You Chicken?,2026-09-14,,Action Puzzle,Guldan Games,Guldan Games,PC,,0,,0,0,не найден,https://www.metacritic.com/game/are-you-chicken/,,,https://www.metacritic.com/a/img/catalog/provider/6/12/6-1-1265394-52.jpg,2026-09-16 19:37,2026-09-16 19:37
arrow-card-arena,Arrow Card Arena,2026-09-15,,Card Battle,Ludendria Studio,Ludendria Studio,PC,,0,,0,0,не найден,https://www.metacritic.com/game/arrow-card-arena/,,https://video.akamai.steamstatic.com/store_trailers/5011490/1379888004/18a729acee580c3da7c6c2a69ae663853fe05e80/1787023623/hls_264_master.m3u8?t=1787024645,https://www.metacritic.com/a/img/catalog/provider/6/12/6-1-1265090-52.jpg,2026-09-15 18:15,2026-09-16 11:11
art-rally-simulator,Art Rally Simulator,2026-09-15,,Arcade Racing,St Pow Games,St Pow Games,Nintendo Switch,,0,,0,0,не найден,https://www.metacritic.com/game/art-rally-simulator/,,,,2026-09-16 15:00,2026-09-16 15:00
ashworth,Ashworth,2026-09-16,,Adventure,MR ROCK,MR ROCK,PC,,0,,0,0,готов,https://www.metacritic.com/game/ashworth/,https://www.youtube.com/watch?v=uNQdmirWxjc,https://video.akamai.steamstatic.com/store_trailers/5100520/1351489242/5f8afbf00cdbe59229d9112407c533e0fababfdf/1786708138/hls_264_master.m3u8?t=1787188440,https://www.metacritic.com/a/img/catalog/provider/6/12/6-1-1273300-52.jpg,2026-09-16 11:00,2026-09-16 11:00
assassin-seek,Assassin Seek,2026-09-14,,Action Adventure,LKHGames,LKHGames,PC,,0,,0,0,не найден,https://www.metacritic.com/game/assassin-seek/,,https://video.akamai.steamstatic.com/store_trailers/4964760/912548581/ce6a797ac62f7b4857775c6a1358e6ea0cd431f1/1788259590/hls_264_master.m3u8?t=1788259970,https://www.metacritic.com/a/img/catalog/provider/6/12/6-1-1268533-52.jpg,2026-09-16 19:10,2026-09-16 19:10
avalonclash,AvalonClash,2026-09-14,,Card Battle,allen,FUNIU,PC,,0,,0,0,не найден,https://www.metacritic.com/game/avalonclash/,,https://video.akamai.steamstatic.com/store_trailers/4884730/554333232/b020b704eed819d66804f330a637c2a1f628467d/1787205187/hls_264_master.m3u8?t=1788132433,https://www.metacritic.com/a/img/catalog/provider/6/12/6-1-1279622-52.jpg,2026-09-16 19:25,2026-09-16 19:25
axiomatik,Axiomatik,2026-09-16,,Action,J&J,UnrealEstate,PC,,0,,0,0,не найден,https://www.metacritic.com/game/axiomatik/,,https://video.akamai.steamstatic.com/store_trailers/3969490/1015186426/1a717554cf296c72865b40f9bc71c6a73535de34/1780482080/hls_264_master.m3u8?t=1780484463,https://www.metacritic.com/a/img/catalog/provider/6/12/6-1-1164164-52.jpg,2026-09-16 10:28,2026-09-16 10:28
blackwood,BLACKWOOD,2026-09-16,,Action Adventure,AttritoM7 Productions,IZilla Games,PC,,0,,0,0,готов,https://www.metacritic.com/game/blackwood/,https://www.youtube.com/watch?v=BqHxqv8uOHg,https://cdn.jwplayer.com/players/wUNquOXM.html,https://www.metacritic.com/a/img/catalog/provider/6/12/6-1-1169012-52.jpg,2026-09-16 10:28,2026-09-16 10:28
blind-spot-kyle-simpson,BLIND SPOT (Kyle Simpson),2026-09-15,,First-Person Adventure,Kyle Simpson,Vherb Media LLC,PC,,0,,0,0,не найден,https://www.metacritic.com/game/blind-spot-kyle-simpson/,,https://video.akamai.steamstatic.com/store_trailers/5071740/807264067/e440d7cf5bbc9f3dc040d30c9b9b154d174c4bce/1787179897/hls_264_master.m3u8?t=1788027911,https://www.metacritic.com/a/img/catalog/provider/6/12/6-1-1278192-52.jpg,2026-09-15 13:00,2026-09-16 14:00
brazilian-drug-dealer-before-4-demons-from-the,BRAZILIAN DRUG DEALER BEFORE 4: DEMONS FROM THE PORTAL TO HELL I OPENED ARE STILL IN THE FAVELA AND NOW I HAVE TO SAVE MAMADAS FROM RONALDO,2026-09-16,,Adventure,Joeveno,Joeveno,PC,,2,,0,1,не найден,https://www.metacritic.com/game/brazilian-drug-dealer-before-4-demons-from-the/,,https://video.akamai.steamstatic.com/store_trailers/4241920/643353649/7c8dbf66faaf50894e52aa721805695675e29cd0/1788917380/hls_264_master.m3u8?t=1788917886,https://www.metacritic.com/a/img/catalog/provider/6/12/6-1-1202563-52.jpg,2026-09-16 10:28,2026-09-16 10:28
btr-ringfall,BTR Ringfall,2026-09-15,,Defense,ALFA Games,ALFA Games,PC,,0,,0,0,не найден,https://www.metacritic.com/game/btr-ringfall/,,https://video.akamai.steamstatic.com/store_trailers/5102710/724710637/b2356466f276ad5a133bd8d3bcb24b0790264c4f/1786559814/hls_264_master.m3u8?t=1787724148,https://www.metacritic.com/a/img/catalog/provider/6/12/6-1-1276432-52.jpg,2026-09-15 18:15,2026-09-16 14:00
batomon-showdown,Batomon Showdown,2026-09-15,,Turn-Based Strategy,berrymint,berrymint,PC,,0,,0,0,готов,https://www.metacritic.com/game/batomon-showdown/,https://www.youtube.com/watch?v=Z5i7w4T8MSU,https://video.akamai.steamstatic.com/store_trailers/4557380/1125925995/181f6d8ada70fe1cff3d924f02bab32beb06e1c0/1778335088/hls_264_master.m3u8?t=1778335421,https://www.metacritic.com/a/img/catalog/provider/6/12/6-1-1221989-52.jpg,2026-09-15 18:15,2026-09-16 11:11
bible-quiz-trivia-do-you-know-your-bible,Bible Quiz Trivia - Do you know your Bible?,2026-09-16,,Trivia,Cray8eve Games,Cray8eve Games,PC,,0,,0,0,не найден,https://www.metacritic.com/game/bible-quiz-trivia-do-you-know-your-bible/,,https://video.akamai.steamstatic.com/store_trailers/4990460/2080850196/75dcce424eda08391831087cc7edd2d650f3eb81/1784646018/hls_264_master.m3u8?t=1785672936,https://www.metacritic.com/a/img/catalog/provider/6/12/6-1-1266126-52.jpg,2026-09-16 10:28,2026-09-16 10:28
blackjack-simulator-2027,Blackjack Simulator 2027,2026-09-14,,Gambling,FlagmanJeremy,FlagmanJeremy,PC,,0,,0,0,не найден,https://www.metacritic.com/game/blackjack-simulator-2027/,,https://video.akamai.steamstatic.com/store_trailers/5177890/776083413/b98337d7658a00a38c04cfa4e3f214f8b3a6f3e8/1787716100/hls_264_master.m3u8?t=1788197580,https://www.metacritic.com/a/img/catalog/provider/6/12/6-1-1279202-52.jpg,2026-09-16 19:10,2026-09-16 19:10
blackout-murder,Blackout Murder,2026-09-14,,Action Adventure,Party2Games,Party2Games,PC,,0,,0,0,готов,https://www.metacritic.com/game/blackout-murder/,https://www.youtube.com/watch?v=JqveHVulRV0,https://video.akamai.steamstatic.com/store_trailers/5020590/60632688/9c43b98d5abfe0f4921de89cba1f2bc953ffb0d6/1785240866/hls_264_master.m3u8?t=1785524305,https://www.metacritic.com/a/img/catalog/provider/6/12/6-1-1265845-52.jpg,2026-09-16 19:10,2026-09-16 19:10
blood-lily-killers-cant-sink-a-yuri-ship,Blood Lily: Killers Can't Sink a Yuri Ship,2026-09-14,,Visual Novel,Sounding Stone,Sounding Stone,PC,,0,,0,0,готов,https://www.metacritic.com/game/blood-lily-killers-cant-sink-a-yuri-ship/,https://www.youtube.com/watch?v=Y8p4mCtf0wE,https://video.akamai.steamstatic.com/store_trailers/3863090/2011233550/2f9a6650de0bc2259a1b927a588b410cd1f938d9/1772705720/hls_264_master.m3u8?t=1772706841,https://www.metacritic.com/a/img/catalog/provider/6/12/6-1-1150039-52.jpg,2026-09-16 15:00,2026-09-16 15:00
bloomkeeper,BloomKeeper,2026-09-16,,Action Adventure,Resonance Interactive,Resonance Interactive,PC,,0,,0,0,готов,https://www.metacritic.com/game/bloomkeeper/,https://www.youtube.com/watch?v=xcE0qRVE9wo,https://video.akamai.steamstatic.com/store_trailers/3034650/1935481344/c9fa6bdb2776789cfae90748addc5acf0e6ff6ab/1778666144/hls_264_master.m3u8?t=1778666752,https://www.metacritic.com/a/img/catalog/provider/6/12/6-1-1139828-52.jpg,2026-09-16 10:28,2026-09-16 10:28
blue-sun-saga,Blue Sun Saga,2026-09-15,,Top-Down Shoot-'Em-Up,Prospective Games,Prospective Games,PC,,0,,0,0,не найден,https://www.metacritic.com/game/blue-sun-saga/,,https://video.akamai.steamstatic.com/store_trailers/4984340/1882122612/f2b4595b61ecdd004174f902b1092313c35a0156/1787009102/hls_264_master.m3u8?t=1787009463,https://www.metacritic.com/a/img/catalog/provider/6/12/6-1-1262866-52.jpg,2026-09-15 19:00,2026-09-16 15:00
botsbeats,Bots&Beats,2026-09-15,,Rhythm,Team Bots&Beats,Team Bots&Beats,PC,,0,,0,0,не найден,https://www.metacritic.com/game/botsbeats/,,https://video.akamai.steamstatic.com/store_trailers/4787840/1270849577/a5ac655a73586ae58c8caeaf7b8de3e47faa1824/1788792251/hls_264_master.m3u8?t=1788792695,https://www.metacritic.com/a/img/catalog/provider/6/12/6-1-1243601-52.jpg,2026-09-16 11:11,2026-09-16 11:11
burrows-of-cairntir,Burrows of Cairntir,2026-09-14,,RPG,Cairntir Games,Cairntir Games,PC,,0,,0,0,не найден,https://www.metacritic.com/game/burrows-of-cairntir/,,https://video.akamai.steamstatic.com/store_trailers/5175240/664832416/d7feb9e5b273fed1adfa6fcc3e638aed7512fb80/1789085053/hls_264_master.m3u8?t=1789087495,https://www.metacritic.com/a/img/catalog/provider/6/12/6-1-1279650-52.jpg,2026-09-16 19:37,2026-09-16 19:37
caravan-in-the-majin-world,CARAVAN in the MAJIN WORLD,2026-09-15,,RPG,PubMangaS,PubMangaS,PC,,0,,0,0,не найден,https://www.metacritic.com/game/caravan-in-the-majin-world/,,https://video.akamai.steamstatic.com/store_trailers/5059270/1045513617/34a04524b91494fe5632f41c5b20fb9e7bed38ec/1786723138/hls_264_master.m3u8?t=1788323878,https://www.metacritic.com/a/img/catalog/provider/6/12/6-1-1279884-52.jpg,2026-09-16 11:11,2026-09-16 11:11
cardfall-arena,Cardfall Arena,2026-09-14,,Card Battle,adrenaline shot LLC,adrenaline shot,Meta Quest,,0,,0,0,не найден,https://www.metacritic.com/game/cardfall-arena/,,,,2026-09-16 19:25,2026-09-16 19:25
carrot-clicker,Carrot Clicker,2026-09-14,,Simulation,Till,WILD Games,PC,,0,,0,0,не найден,https://www.metacritic.com/game/carrot-clicker/,,https://video.akamai.steamstatic.com/store_trailers/5117280/849651834/8ca0bfd5594a656fc2157cfc78389868772fa9f1/1786804949/hls_264_master.m3u8?t=1788194686,https://www.metacritic.com/a/img/catalog/provider/6/12/6-1-1279203-52.jpg,2026-09-16 19:10,2026-09-16 19:10
charnoluzkys-office,Charnoluzky's Office,2026-09-16,,Visual Novel,EgraphonGames,EgraphonGames,PC,,0,,0,0,не найден,https://www.metacritic.com/game/charnoluzkys-office/,,https://video.akamai.steamstatic.com/store_trailers/5094980/1933532096/40a86829e406e5df3a70622c013eecd6b987ede7/1788194608/hls_264_master.m3u8?t=1788195371,https://shared.akamai.steamstatic.com/store_item_assets/steam/apps/5094980/c9ff2b0fa370805a66d7186746d59915b7ca0223/header.jpg?t=1788195372,2026-09-16 10:42,2026-09-16 10:43
chef-hands-kitchen-mayhem,Chef Hands : Kitchen Mayhem,2026-09-15,,Simulation,Miam Games,No Gravity Games,PC,,0,,0,0,не найден,https://www.metacritic.com/game/chef-hands-kitchen-mayhem/,,https://video.akamai.steamstatic.com/store_trailers/3179160/742596/6cc2d1ad61d29863538b0a0d8a02c8a32753234e/1750878230/hls_264_master.m3u8?t=1746299710,https://www.metacritic.com/a/img/catalog/provider/6/12/6-1-1050021-52.jpg,2026-09-15 13:00,2026-09-16 13:06
chill-drive-together,Chill Drive Together,2026-09-16,,Vehicle Sim,cnsgames,cnsgames,PC,,0,,0,0,не найден,https://www.metacritic.com/game/chill-drive-together/,,https://video.akamai.steamstatic.com/store_trailers/5147700/323953731/0250dae21e50e6c31b6693a24d43eaf195304f93/1788110637/hls_264_master.m3u8?t=1788111992,https://www.metacritic.com/a/img/catalog/provider/6/12/6-1-1276440-52.jpg,2026-09-16 11:00,2026-09-16 11:00
chronicle-of-wuxia-and-xianxia-survivors,Chronicle of Wuxia & Xianxia Survivors,2026-09-15,,Top-Down Shoot-'Em-Up,DDMcLab,DDMcLab,PC,,0,,0,0,не найден,https://www.metacritic.com/game/chronicle-of-wuxia-and-xianxia-survivors/,,,https://www.metacritic.com/a/img/catalog/provider/6/12/6-1-1227676-52.jpg,2026-09-16 15:00,2026-09-16 15:00
chuddy-clicker,Chuddy Clicker,2026-09-15,,Strategy,Moss,Moss,PC,,0,,0,0,не найден,https://www.metacritic.com/game/chuddy-clicker/,,https://video.akamai.steamstatic.com/store_trailers/5175480/876807892/55dced3432b2727eb979934a777e7947dfc5e659/1787819721/hls_264_master.m3u8?t=1788233287,https://www.metacritic.com/a/img/catalog/provider/6/12/6-1-1279637-52.jpg,2026-09-15 19:00,2026-09-16 14:00
cipher-monk-cassette-equation,Cipher Monk: Cassette Equation,2026-09-15,E,Puzzle,Heavy Sheep,AFIL Games,Xbox One,,0,,0,0,не найден,https://www.metacritic.com/game/cipher-monk-cassette-equation/,,,,2026-09-16 15:00,2026-09-16 15:00
circle-test-suite,Circle Test Suite,2026-09-16,,Action,Copper Kettle,Copper Kettle,PC,,0,,0,0,не найден,https://www.metacritic.com/game/circle-test-suite/,,https://video.akamai.steamstatic.com/store_trailers/5063610/1454890550/872f8f34750c193b98dfcea844e0824c63ccc808/1786276579/hls_264_master.m3u8?t=1787874713,https://shared.akamai.steamstatic.com/store_item_assets/steam/apps/5063610/776eb3e1be230550829fcf9bf81bab41ef145ee4/header.jpg?t=1789473885,2026-09-16 10:28,2026-09-16 10:28
cloudbreaker,Cloudbreaker,2026-09-15,,Top-Down Shoot-'Em-Up,Ballast Games,Ballast Games,PC,,1,,0,1,готов,https://www.metacritic.com/game/cloudbreaker/,https://www.youtube.com/watch?v=g4W3iTnsHN4,https://video.akamai.steamstatic.com/store_trailers/3620890/244856236/6124f3b47b4c34857c1365c299d1b8beaa40c5ae/1789480370/hls_264_master.m3u8?t=1789480915,https://www.metacritic.com/a/img/catalog/provider/6/12/6-1-1144005-52.jpg,2026-09-15 13:00,2026-09-16 13:06
code-velocity,Code Velocity,2026-09-16,,Action,STIM GAMES,STIM GAMES,PC,,0,,0,0,не найден,https://www.metacritic.com/game/code-velocity/,,https://video.akamai.steamstatic.com/store_trailers/4240610/233901800/73aa38eed2227454b40f767135c756e3fdbfc375/1777439275/hls_264_master.m3u8?t=1777446688,https://www.metacritic.com/a/img/catalog/provider/6/12/6-1-1200031-52.jpg,2026-09-16 10:28,2026-09-16 10:28
cognite,Cognite,2026-09-15,,Action Adventure,Frosted Wings Studio,Frosted Wings Studio,PC,,0,,0,0,готов,https://www.metacritic.com/game/cognite/,https://www.youtube.com/watch?v=FFJbQkgiV8Y,https://video.akamai.steamstatic.com/store_trailers/5147050/1443505231/a2726637154e02fd6ae68ad3b04cd5996f824517/1789379028/hls_264_master.m3u8?t=1789467227,https://www.metacritic.com/a/img/catalog/provider/6/12/6-1-1276304-52.jpg,2026-09-16 11:11,2026-09-16 11:11
console-kingdom,Console Kingdom,2026-09-16,,RPG,Piece Of Voxel,Gamesforfarm,PC,,0,,0,0,не найден,https://www.metacritic.com/game/console-kingdom/,,https://video.akamai.steamstatic.com/store_trailers/4701030/598898652/01eaed6855b62f59d83b31e1b2eb49064ada8291/1780853756/hls_264_master.m3u8?t=1783006399,https://www.metacritic.com/a/img/catalog/provider/6/12/6-1-1255063-52.jpg,2026-09-16 10:42,2026-09-16 10:43
craftomation-101-programming-and-craft,Craftomation 101: Programming & Craft,2026-09-14,,Sandbox,Luden.io,Luden.io,PC,,0,,0,0,готов,https://www.metacritic.com/game/craftomation-101-programming-and-craft/,https://www.youtube.com/watch?v=Y7fjtrub8Ro,https://video.akamai.steamstatic.com/store_trailers/1724140/360954679/f8a9598d082435af70860259d05458a43378200b/1788959440/hls_264_master.m3u8?t=1789048845,https://www.metacritic.com/a/img/catalog/provider/6/12/6-1-854654-52.jpg,2026-09-16 19:25,2026-09-16 19:25
cube-boy,Cube Boy,2026-09-15,,Point-and-Click,Penguin Pyramid,Penguin Pyramid,PC,,0,,0,0,готов,https://www.metacritic.com/game/cube-boy/,https://www.youtube.com/watch?v=W05R7G5IJWE,https://video.akamai.steamstatic.com/store_trailers/4757970/602237465/baa5d8d3a3b3fb54e92e131a111a6d822a66a991/1784833008/hls_264_master.m3u8?t=1784834803,https://www.metacritic.com/a/img/catalog/provider/6/12/6-1-1260086-52.jpg,2026-09-15 19:00,2026-09-16 11:11
cursed-and-fading,Cursed and Fading,2026-09-14,,RPG,"RG GameDev, LLC","RG GameDev, LLC",PC,,0,,0,0,не найден,https://www.metacritic.com/game/cursed-and-fading/,,https://video.akamai.steamstatic.com/store_trailers/4662180/1582196858/03a9c9bfdcee78a4e29bfd7bce0882529f98ce95/1788380792/hls_264_master.m3u8?t=1788382194,https://www.metacritic.com/a/img/catalog/provider/6/12/6-1-1279635-52.jpg,2026-09-16 19:37,2026-09-16 19:37
detstvo,DETSTVO,2026-09-15,,First-Person Adventure,VD Games,VD Games,PC,,0,,0,0,готов,https://www.metacritic.com/game/detstvo/,https://www.youtube.com/watch?v=eoMeJ9MEM2w,https://video.akamai.steamstatic.com/store_trailers/5007280/1269327039/a3d7978c3a1436ecb78e224e344549af13115b4b/1786975832/hls_264_master.m3u8?t=1786976852,https://www.metacritic.com/a/img/catalog/provider/6/12/6-1-1267098-52.jpg,2026-09-16 15:00,2026-09-16 15:00
dr-dominoes,DR Dominoes,2026-09-15,,Strategy,Gammes,Gammes,PC,,0,,0,0,не найден,https://www.metacritic.com/game/dr-dominoes/,,https://video.akamai.steamstatic.com/store_trailers/4404610/2115444070/e6080cf32f574925e53987b880d1acbb81fd0e23/1788313801/hls_264_master.m3u8?t=1788318408,https://www.metacritic.com/a/img/catalog/provider/6/12/6-1-1275505-52.jpg,2026-09-15 13:00,2026-09-15 13:00
daggermap,Daggermap,2026-09-15,,RPG,Apellus,Apellus,PC,,0,,0,0,не найден,https://www.metacritic.com/game/daggermap/,,https://video.akamai.steamstatic.com/store_trailers/5071480/897423191/074d0ffd343acd9c1baeba3f5eb23037b3950675/1787170087/hls_264_master.m3u8?t=1787662933,https://www.metacritic.com/a/img/catalog/provider/6/12/6-1-1275867-52.jpg,2026-09-15 18:15,2026-09-16 14:00
davy-bones,Davy bones,2026-09-15,,Strategy,Yona games,Yona games,PC,,0,,0,0,готов,https://www.metacritic.com/game/davy-bones/,https://www.youtube.com/watch?v=hR6H6BTS8v4,https://video.akamai.steamstatic.com/store_trailers/4916660/196059459/cf1a94c1a6f2328ac266601d3743fe8554cbd409/1785353908/hls_264_master.m3u8?t=1787012306,https://www.metacritic.com/a/img/catalog/provider/6/12/6-1-1272285-52.jpg,2026-09-15 19:00,2026-09-16 15:00
decide-your-fate,Decide Your Fate,2026-09-16,,First-Person Adventure,Karagoz Studios,Karagoz Studios,PC,,0,,0,0,готов,https://www.metacritic.com/game/decide-your-fate/,https://www.youtube.com/watch?v=ADMezeQlrz8,https://video.akamai.steamstatic.com/store_trailers/4655810/2124335621/86ce123277c60622e8922d997fee2e5bfa85bb84/1779895389/hls_264_master.m3u8?t=1779895781,https://www.metacritic.com/a/img/catalog/provider/6/12/6-1-1229696-52.jpg,2026-09-16 11:00,2026-09-16 11:00
desktop-fidget-spinner,Desktop Fidget Spinner,2026-09-16,,Simulation,SALMON-RAT,SALMON-RAT,PC,,0,,0,0,не найден,https://www.metacritic.com/game/desktop-fidget-spinner/,,https://video.akamai.steamstatic.com/store_trailers/5151030/558641503/18211fdc340e11f1bd7e64ced9d20dd6354edf35/1788415952/hls_264_master.m3u8?t=1788416396,https://www.metacritic.com/a/img/catalog/provider/6/12/6-1-1279774-52.jpg,2026-09-16 11:00,2026-09-16 11:00
diablo-iv-age-of-hatred-collection,Diablo IV: Age of Hatred Collection,2026-09-15,M,Action RPG,Blizzard Entertainment,Blizzard Entertainment,Nintendo Switch 2,,0,,0,0,готов,https://www.metacritic.com/game/diablo-iv-age-of-hatred-collection/,https://www.youtube.com/watch?v=fXIq12Qj76A,https://cdn.jwplayer.com/players/nOfegqQD.html,,2026-09-16 13:06,2026-09-16 13:06
diceroll,DiceRoll,2026-09-14,,Roguelike,MuDev,MuDev,PC,,0,,0,0,не найден,https://www.metacritic.com/game/diceroll/,,https://video.akamai.steamstatic.com/store_trailers/5065700/216662425/eb948e3f74edd4eee427b796bf3f8ba1d6f1d1cb/1787839882/hls_264_master.m3u8?t=1787840416,https://www.metacritic.com/a/img/catalog/provider/6/12/6-1-1272680-52.jpg,2026-09-16 19:25,2026-09-16 19:25
dont-stop-cutting-the-trees,Don't Stop Cutting The Trees!,2026-09-14,,Strategy,Wovley Games,Wovley Games,PC,,0,,0,0,не найден,https://www.metacritic.com/game/dont-stop-cutting-the-trees/,,https://video.akamai.steamstatic.com/store_trailers/5112800/321567858/6e94d3ef2b521501c8f09d57cae5ae152491ce89/1789406299/hls_264_master.m3u8?t=1789406568,https://www.metacritic.com/a/img/catalog/provider/6/12/6-1-1277980-52.jpg,2026-09-16 19:37,2026-09-16 19:37
dragon-hunter-rpg,Dragon Hunter RPG,2026-09-15,,Action RPG,koganin,kogaGames,PC,,0,,0,0,не найден,https://www.metacritic.com/game/dragon-hunter-rpg/,,,https://www.metacritic.com/a/img/catalog/provider/6/12/6-1-1279241-52.jpg,2026-09-16 11:11,2026-09-16 11:11
dream-draw-dungeons,Dream Draw Dungeons,2026-09-15,,Action RPG,Vegoya Studio,Vegoya Studio,PC,,0,,0,0,не найден,https://www.metacritic.com/game/dream-draw-dungeons/,,https://video.akamai.steamstatic.com/store_trailers/5067750/701669840/bf7cc1127fe83acfd18b38e4fcc3b4e8681e5e2b/1786231369/hls_264_master.m3u8?t=1786820129,https://www.metacritic.com/a/img/catalog/provider/6/12/6-1-1271463-52.jpg,2026-09-15 19:00,2026-09-16 14:00
drift-invaders,Drift Invaders,2026-09-14,,Arcade Racing,Zesty Dev,Zesty Dev,PC,,0,,0,0,не найден,https://www.metacritic.com/game/drift-invaders/,,https://video.akamai.steamstatic.com/store_trailers/4825160/1664589916/ee64da117744edf9bc9bcd45ab4fbea1d7f6f2c0/1782307194/hls_264_master.m3u8?t=1787335134,https://www.metacritic.com/a/img/catalog/provider/6/12/6-1-1274149-52.jpg,2026-09-16 19:25,2026-09-16 19:25
driving-test-simulator,Driving Test Simulator,2026-09-16,,Vehicle Sim,aitchGames,aitchGames,PC,,0,,0,0,не найден,https://www.metacritic.com/game/driving-test-simulator/,,https://video.akamai.steamstatic.com/store_trailers/4034490/1510172472/934b9c659ff1449b57c2b4c44ddc3740847e7d78/1786770599/hls_264_master.m3u8?t=1788338042,https://www.metacritic.com/a/img/catalog/provider/6/12/6-1-1206093-52.jpg,2026-09-16 10:28,2026-09-16 10:28
dungeons-and-death,Dungeons & Death,2026-09-14,,Action RPG,RatSlayerGames,RatSlayerGames,PC,,0,,0,0,не найден,https://www.metacritic.com/game/dungeons-and-death/,,https://video.akamai.steamstatic.com/store_trailers/5085640/1720353435/079e55f0ae07ce8a7f72f91afec17a7bb3b12ef1/1789402489/hls_264_master.m3u8?t=1789403387,https://www.metacritic.com/a/img/catalog/provider/6/12/6-1-1273202-52.jpg,2026-09-16 19:10,2026-09-16 19:10
duo-quest,Duo Quest,2026-09-16,,Turn-Based Strategy,1+1 Studios,Rising Tide,PC,,0,,0,0,готов,https://www.metacritic.com/game/duo-quest/,https://www.youtube.com/watch?v=jA9S_PZ86h0,https://video.akamai.steamstatic.com/store_trailers/3572800/1299074130/929af600f93c1ada4c065d8a772c5f34ba0e1b09/1776438396/hls_264_master.m3u8?t=1776438649,https://www.metacritic.com/a/img/catalog/provider/6/12/6-1-1102234-52.jpg,2026-09-16 10:28,2026-09-16 10:28
emberdeep,EMBERDEEP,2026-09-15,,RPG,Meridian Studios,Meridian Studios,PC,,0,,0,0,не найден,https://www.metacritic.com/game/emberdeep/,,https://video.akamai.steamstatic.com/store_trailers/5177390/1479377471/f504c04a2f8eff718c01ff80295c188530042517/1787705510/hls_264_master.m3u8?t=1788421388,https://www.metacritic.com/a/img/catalog/provider/6/12/6-1-1280859-52.jpg,2026-09-16 15:00,2026-09-16 15:00
embrace-the-potato,Embrace The Potato,2026-09-14,,Simulation,AFK Gaming,AFK Gaming,PC,,0,,0,0,не найден,https://www.metacritic.com/game/embrace-the-potato/,,,https://www.metacritic.com/a/img/catalog/provider/6/12/6-1-1278190-52.jpg,2026-09-16 19:37,2026-09-16 19:37
emo-lisa,Emo Lisa,2026-09-14,,Edutainment,Playshare Ventures S.R.L.,Playshare Ventures S.R.L.,PC,,0,,0,0,не найден,https://www.metacritic.com/game/emo-lisa/,,https://video.akamai.steamstatic.com/store_trailers/5166770/899412430/095b31e0147dd97fa48093e24ecce32fd594e34b/1788097107/hls_264_master.m3u8?t=1788546841,https://www.metacritic.com/a/img/catalog/provider/6/12/6-1-1281430-52.jpg,2026-09-16 19:37,2026-09-16 19:37
endless-roadtrip,Endless Roadtrip,2026-09-14,,Vehicle Sim,Halfsnow,Halfsnow,PC,,0,,0,0,не найден,https://www.metacritic.com/game/endless-roadtrip/,,https://video.akamai.steamstatic.com/store_trailers/5119900/594668713/f47e81adc9de62bc996396669d5bec272d221fd7/1787845402/hls_264_master.m3u8?t=1788191202,https://www.metacritic.com/a/img/catalog/provider/6/12/6-1-1279446-52.jpg,2026-09-16 19:10,2026-09-16 19:10
escape-house-of-bonds,Escape! House of Bonds,2026-09-14,,Point-and-Click,UNYAUNYA GAMES,UNYAUNYA GAMES,PC,,0,,0,0,не найден,https://www.metacritic.com/game/escape-house-of-bonds/,,https://video.akamai.steamstatic.com/store_trailers/4719560/1802183344/f886a94a697758c025d5cd4083e65ca42b7c85a0/1787830881/hls_264_master.m3u8?t=1788190381,https://www.metacritic.com/a/img/catalog/provider/6/12/6-1-1279207-52.jpg,2026-09-16 19:37,2026-09-16 19:37
f-this-job,F*** This Job,2026-09-14,,FPS,Raffine Studio,ARTFX - GAME,PC,,0,,0,0,не найден,https://www.metacritic.com/game/f-this-job/,,,https://www.metacritic.com/a/img/catalog/provider/6/12/6-1-1280867-52.jpg,2026-09-16 19:37,2026-09-16 19:37
fallen-tear-the-ascension,Fallen Tear: The Ascension,2026-09-16,,Metroidvania,Winter Crew Studios,CMD Studios,PC,,1,,0,0,готов,https://www.metacritic.com/game/fallen-tear-the-ascension/,https://www.youtube.com/watch?v=woLhpjR_SFo,https://cdn.jwplayer.com/players/OmnB2q6E.html,https://www.metacritic.com/a/img/catalog/provider/6/12/6-1-785149-52.jpg,2026-09-16 11:00,2026-09-16 11:00
false-normality,False Normality,2026-09-15,,First-Person Adventure,Kaan Bartu Bozkurt,Kaan Bartu Bozkurt,PC,,0,,0,0,не найден,https://www.metacritic.com/game/false-normality/,,https://video.akamai.steamstatic.com/store_trailers/4925070/1635058714/d22afce8777641685f160ddb265eb06ce038b47c/1783195408/hls_264_master.m3u8?t=1783684650,https://www.metacritic.com/a/img/catalog/provider/6/12/6-1-1257227-52.jpg,2026-09-15 18:15,2026-09-16 11:11
football-academy-director,Football Academy Director,2026-09-15,,Soccer Management,Merla Interactive,Merla Interactive,PC,,0,,0,0,не найден,https://www.metacritic.com/game/football-academy-director/,,https://video.akamai.steamstatic.com/store_trailers/4865840/1175180722/8103a9026836910042c82727c5456a8cb7b7ca5d/1786175177/hls_264_master.m3u8?t=1786175879,https://www.metacritic.com/a/img/catalog/provider/6/12/6-1-1251759-52.jpg,2026-09-16 11:11,2026-09-16 11:11
forty-depths-beneath-knossos-the-minotaurs-maze,Forty Depths Beneath Knossos: The Minotaur's Maze,2026-09-15,,Action Adventure,Troll Hunter Gaming,Troll Hunter Gaming,PC,,0,,0,0,не найден,https://www.metacritic.com/game/forty-depths-beneath-knossos-the-minotaurs-maze/,,https://video.akamai.steamstatic.com/store_trailers/5178700/142485100/22105eecc57e6fd52bba5835d63d0d6dee43ff03/1788912070/hls_264_master.m3u8?t=1788912482,https://www.metacritic.com/a/img/catalog/provider/6/12/6-1-1279626-52.jpg,2026-09-15 13:00,2026-09-16 14:00
fright-train,Fright Train,2026-09-15,,Survival,WildArts Games,Black Lantern Collective,PC,,0,,0,0,готов,https://www.metacritic.com/game/fright-train/,https://www.youtube.com/watch?v=4GKk7Wdjha4,https://cdn.jwplayer.com/players/fn5Wl1Yo.html,https://www.metacritic.com/a/img/catalog/provider/6/12/6-1-1178374-52.jpg,2026-09-15 13:00,2026-09-16 13:06
furry-slot,Furry Slot,2026-09-14,,Gambling,Morello,Morello,PC,,0,,0,0,готов,https://www.metacritic.com/game/furry-slot/,https://www.youtube.com/watch?v=3ZWYSbo7Gj0,https://video.akamai.steamstatic.com/store_trailers/5080710/888647413/df6089114d501ed7e24966c47187c14f14718905/1787715019/hls_264_master.m3u8?t=1788234098,https://www.metacritic.com/a/img/catalog/provider/6/12/6-1-1279204-52.jpg,2026-09-16 19:25,2026-09-16 19:25
garage-tidy-up,Garage: Tidy Up!,2026-09-16,,Simulation,Cat Company Limited,Cat Company Limited,PC,,0,,0,0,готов,https://www.metacritic.com/game/garage-tidy-up/,https://www.youtube.com/watch?v=18ygbDT7yQs,https://video.akamai.steamstatic.com/store_trailers/4930980/504903744/b87021fea7827482e3e52c001c44aed382b24453/1787197897/hls_264_master.m3u8?t=1787198755,https://www.metacritic.com/a/img/catalog/provider/6/12/6-1-1273445-52.jpg,2026-09-16 11:00,2026-09-16 11:00
goddess-must-survive,Goddess Must Survive!,2026-09-16,,Roguelike,Magnos Games,Magnos Games,PC,,0,,0,0,не найден,https://www.metacritic.com/game/goddess-must-survive/,,https://video.akamai.steamstatic.com/store_trailers/5052760/1425853521/b5e5b5066307e0ea487cb09098f6c1b082c8a20c/1789300097/hls_264_master.m3u8?t=1789300740,https://www.metacritic.com/a/img/catalog/provider/6/12/6-1-1272328-52.jpg,2026-09-16 10:42,2026-09-16 10:43
gray-company,Gray Company,2026-09-15,,Strategy,Meridian Studios,Meridian Studios,PC,,0,,0,0,готов,https://www.metacritic.com/game/gray-company/,https://www.youtube.com/watch?v=LfZOrXtMQbs,https://video.akamai.steamstatic.com/store_trailers/5177280/2085608861/11cd9ce0335d69c8b319f09b7c7d0710784d6dd3/1787718410/hls_264_master.m3u8?t=1788421390,https://www.metacritic.com/a/img/catalog/provider/6/12/6-1-1280864-52.jpg,2026-09-15 13:00,2026-09-16 14:00
green-vs-tan,Green vs Tan,2026-09-15,,Defense,Corkscrew Games,Corkscrew Games,PC,,0,,0,0,не найден,https://www.metacritic.com/game/green-vs-tan/,,https://video.akamai.steamstatic.com/store_trailers/5073020/951339533/d7622d6393e95db492ad3c29069ae6222b7ccd51/1786133477/hls_264_master.m3u8?t=1786636953,https://www.metacritic.com/a/img/catalog/provider/6/12/6-1-1270465-52.jpg,2026-09-15 18:15,2026-09-16 13:06
grim-wanderings-reborn,Grim Wanderings Reborn,2026-09-14,,Turn-Based Tactics,Ellinia games,Ellinia games,PC,,0,,0,0,не найден,https://www.metacritic.com/game/grim-wanderings-reborn/,,https://video.akamai.steamstatic.com/store_trailers/5079690/1433361775/cd4364c6f1d40416789d3a0c5402efc0e865e27b/1786421842/hls_264_master.m3u8?t=1787025312,https://www.metacritic.com/a/img/catalog/provider/6/12/6-1-1272288-52.jpg,2026-09-16 19:37,2026-09-16 19:37
helldrop,HELLDROP,2026-09-15,,Vertical Shoot-'Em-Up,Tofu Soup,Tofu Soup,PC,,0,,0,0,не найден,https://www.metacritic.com/game/helldrop/,,https://video.akamai.steamstatic.com/store_trailers/2942500/903913987/3c681b3f4a3f9a9c904aa6eb19c427630a8f12cb/1771945030/hls_264_master.m3u8?t=1778517638,https://www.metacritic.com/a/img/catalog/provider/6/12/6-1-1144860-52.jpg,2026-09-15 13:00,2026-09-16 13:06
haunted-shift,Haunted Shift,2026-09-14,,Adventure,HowdyCrocGames,HowdyCrocGames,PC,,0,,0,0,не найден,https://www.metacritic.com/game/haunted-shift/,,https://video.akamai.steamstatic.com/store_trailers/2735030/872303883/4acc9b663d039f5dd100d4f64af685192e9535d9/1786409572/hls_264_master.m3u8?t=1786410268,https://www.metacritic.com/a/img/catalog/provider/6/12/6-1-1127840-52.jpg,2026-09-16 19:10,2026-09-16 19:10
hearthpiece,Hearthpiece,2026-09-14,,Puzzle,3dGecko GmbH,3dGecko GmbH,PC,,0,,0,0,не найден,https://www.metacritic.com/game/hearthpiece/,,https://video.akamai.steamstatic.com/store_trailers/5016920/453951652/c1ae8f64a26f7f666eae5547feeed4b4ad09ff8f/1789141545/hls_264_master.m3u8?t=1789143670,https://www.metacritic.com/a/img/catalog/provider/6/12/6-1-1265825-52.jpg,2026-09-16 19:25,2026-09-16 19:25
heroes-suck,Heroes Suck,2026-09-15,,Defense,Dawning Light,Dawning Light,PC,,0,,0,0,готов,https://www.metacritic.com/game/heroes-suck/,https://www.youtube.com/watch?v=ubqhdfsz4Hk,https://video.akamai.steamstatic.com/store_trailers/2497980/515748454/b3e16b345ab8c381ca0f58ffa30d72652d995a1f/1785262166/hls_264_master.m3u8?t=1785262655,https://www.metacritic.com/a/img/catalog/provider/6/12/6-1-950511-52.jpg,2026-09-15 13:00,2026-09-16 15:00
hetjas-adventures,Hetja's Adventures,2026-09-15,,3D Platformer,Ricco Games,Ricco Games,PC,,0,,0,0,не найден,https://www.metacritic.com/game/hetjas-adventures/,,https://video.akamai.steamstatic.com/store_trailers/5066660/1124096325/0deb912f4f7be15ed1b88e5a24797486d1a6cf6b/1786106716/hls_264_master.m3u8?t=1786781015,https://www.metacritic.com/a/img/catalog/provider/6/12/6-1-1271658-52.jpg,2026-09-16 11:00,2026-09-16 11:00
hidden-objects-painted-forest,Hidden Objects Painted Forest,2026-09-16,,Hidden Object,Elisa Jagusch Collins,Elisa Jagusch Collins,PC,,0,,0,0,не найден,https://www.metacritic.com/game/hidden-objects-painted-forest/,,https://video.akamai.steamstatic.com/store_trailers/4979640/783316459/d2f0851f96eef3f328fb4d540c13ccf306138db0/1786841640/hls_264_master.m3u8?t=1788288602,https://www.metacritic.com/a/img/catalog/provider/6/12/6-1-1279611-52.jpg,2026-09-16 10:42,2026-09-16 10:43
hollow-parish-dead-frequency,Hollow Parish: Dead Frequency,2026-09-16,,Adventure,Bakula Vasiliy,Solo Game Studio,PC,,0,,0,0,не найден,https://www.metacritic.com/game/hollow-parish-dead-frequency/,,https://video.akamai.steamstatic.com/store_trailers/5185220/1546913123/7d773c93536054e967466674b75c21fdddfac90a/1788039836/hls_264_master.m3u8?t=1788468141,https://shared.akamai.steamstatic.com/store_item_assets/steam/apps/5185220/4b3e33457ee0a7e8f5048d364b7f2ffdd736689c/header.jpg?t=1788527564,2026-09-16 10:42,2026-09-16 10:43
hoodie-havoc,Hoodie Havoc,2026-09-16,,Adventure,KJames,KJames,PC,,0,,0,0,не найден,https://www.metacritic.com/game/hoodie-havoc/,,https://video.akamai.steamstatic.com/store_trailers/4053350/1559679362/801e7311b8866e48da167104415860b6d2b62f29/1785492331/hls_264_master.m3u8?t=1785492913,https://www.metacritic.com/a/img/catalog/provider/6/12/6-1-1168660-52.jpg,2026-09-16 10:28,2026-09-16 10:28
in-the-vroms-in-clones,In The Vroms In Clones,2026-09-14,,First-Person Adventure,Lucas Jardeu,Lucas Jardeu,PC,,0,,0,0,не найден,https://www.metacritic.com/game/in-the-vroms-in-clones/,,https://video.akamai.steamstatic.com/store_trailers/5151890/125818854/68c186ce722adc3856b41abab5094a54bdde9925/1787300652/hls_264_master.m3u8?t=1788230660,https://www.metacritic.com/a/img/catalog/provider/6/12/6-1-1279089-52.jpg,2026-09-16 19:10,2026-09-16 19:10
infinite-music-game,Infinite Music Game,2026-09-14,,Rhythm,Kiyo Arts,Kiyo Arts,PC,,0,,0,0,не найден,https://www.metacritic.com/game/infinite-music-game/,,https://video.akamai.steamstatic.com/store_trailers/5153850/460795033/33a47cefafa9f5b60055fed02e8b57f803082f51/1788496325/hls_264_master.m3u8?t=1788497420,https://www.metacritic.com/a/img/catalog/provider/6/12/6-1-1279647-52.jpg,2026-09-16 19:37,2026-09-16 19:37
jacks-achievements-simulator-dog-and-lava,Jack's Achievements Simulator: Dog & Lava,2026-09-14,,Simulation,Fortcomp,Fortcomp,PC,,0,,0,0,не найден,https://www.metacritic.com/game/jacks-achievements-simulator-dog-and-lava/,,https://video.akamai.steamstatic.com/store_trailers/5060460/1228313637/42ed36b5cc227a375b0e9b17941d17058ee480af/1788889179/hls_264_master.m3u8?t=1788889250,https://www.metacritic.com/a/img/catalog/provider/6/12/6-1-1276452-52.jpg,2026-09-16 19:10,2026-09-16 19:10
jettfuel-plus,JettFuel+,2026-09-15,,3D Platformer,Clinternet,Clinternet,PC,,0,,0,0,готов,https://www.metacritic.com/game/jettfuel-plus/,https://www.youtube.com/watch?v=wuTBd9p8eRI,https://video.akamai.steamstatic.com/store_trailers/4921830/1211081784/e6499cfcb5dee35b52865dcb7656426f6abd0957/1789525941/hls_264_master.m3u8?t=1789526271,https://www.metacritic.com/a/img/catalog/provider/6/12/6-1-1255899-52.jpg,2026-09-15 18:15,2026-09-16 11:11
jigsaw-diorama-the-alchemist-and-the-eclipse,Jigsaw Diorama: The Alchemist and the Eclipse,2026-09-15,,Puzzle,Base Metal Games Inc.,Base Metal Games Inc.,PC,,0,,0,0,не найден,https://www.metacritic.com/game/jigsaw-diorama-the-alchemist-and-the-eclipse/,,https://video.akamai.steamstatic.com/store_trailers/4861620/2069960264/ba654635905757ecbe79858073ccfd9f8942937f/1781993088/hls_264_master.m3u8?t=1782672913,https://www.metacritic.com/a/img/catalog/provider/6/12/6-1-1252935-52.jpg,2026-09-15 19:00,2026-09-16 15:00
joker-master,Joker Master,2026-09-14,,Card Battle,QuantumAI Solution,QuantumAI Solution,PC,,0,,0,0,не найден,https://www.metacritic.com/game/joker-master/,,https://video.akamai.steamstatic.com/store_trailers/5020530/2008796288/e4996d6edbd763d12390ef2f713da41f968402d9/1786415692/hls_264_master.m3u8?t=1787012570,https://www.metacritic.com/a/img/catalog/provider/6/12/6-1-1271868-52.jpg,2026-09-16 19:10,2026-09-16 19:10
jule,Jule,2026-09-15,,Turn-Based Strategy,Teemetal Game Studio,Forestier Software,PC,,0,,0,0,готов,https://www.metacritic.com/game/jule/,https://www.youtube.com/watch?v=xMZZCG2qV5Q,https://video.akamai.steamstatic.com/store_trailers/5138760/1244353883/b028c187f7d78d172eddc9e0de5873c03cb6495c/1787216467/hls_264_master.m3u8?t=1788251618,https://www.metacritic.com/a/img/catalog/provider/6/12/6-1-1279139-52.jpg,2026-09-16 11:00,2026-09-16 11:00
jumpy-vs-chompy,Jumpy vs. Chompy,2026-09-14,,2D Platformer,Hu Ping,Hu Ping,PC,,0,,0,0,не найден,https://www.metacritic.com/game/jumpy-vs-chompy/,,https://video.akamai.steamstatic.com/store_trailers/3238910/898543581/0371966bd5104326a78920a7775bafa44bc01256/1786953482/hls_264_master.m3u8?t=1787360184,https://www.metacritic.com/a/img/catalog/provider/6/12/6-1-1275202-52.jpg,2026-09-16 19:10,2026-09-16 19:10
knuckle-jet,Knuckle Jet,2026-09-15,,2D Platformer,Rain Games,Rain Games,PC,,1,,0,1,готов,https://www.metacritic.com/game/knuckle-jet/,https://www.youtube.com/watch?v=LJZ5vaKItZk,https://video.akamai.steamstatic.com/store_trailers/3199470/1852790525/02eaf890ebf79b7579095a94f691320355eecaa6/1787594058/hls_264_master.m3u8?t=1787752358,https://www.metacritic.com/a/img/catalog/provider/6/12/6-1-1105466-52.jpg,2026-09-15 13:00,2026-09-16 13:06
liminal-sorting,LIMINAL SORTING,2026-09-16,,Simulation,Silly Cat,Silly Cat,PC,,0,,0,0,не найден,https://www.metacritic.com/game/liminal-sorting/,,https://video.akamai.steamstatic.com/store_trailers/5088450/547863226/beb73a221b3ce57d74097d7077f24f67da0d36ec/1788472774/hls_264_master.m3u8?t=1788473438,https://shared.akamai.steamstatic.com/store_item_assets/steam/apps/5088450/2694a82d7a27bfb120347e733859edc84d978434/header.jpg?t=1789476846,2026-09-16 10:42,2026-09-16 10:43
look-to-the-birds,Look to the Birds,2026-09-15,,First-Person Adventure,Soltorch Games,Soltorch Games,PC,,0,,0,0,не найден,https://www.metacritic.com/game/look-to-the-birds/,,https://video.akamai.steamstatic.com/store_trailers/4162670/756205572/11196d1c3e19c26ff157a9c000d8276b56ebf798/1765471355/hls_264_master.m3u8?t=1765640047,https://www.metacritic.com/a/img/catalog/provider/6/12/6-1-1189751-52.jpg,2026-09-15 13:00,2026-09-16 15:00
lucent,Lucent,2026-09-16,,Logic Puzzle,kinguinpenguin,kinguinpenguin,PC,,0,,0,0,готов,https://www.metacritic.com/game/lucent/,https://www.youtube.com/watch?v=HKemaTLBSyY,https://video.akamai.steamstatic.com/store_trailers/5178670/1889890082/9f8bdb3d05fd416f90021d15710f3e975d3ced81/1787835082/hls_264_master.m3u8?t=1788409986,https://shared.akamai.steamstatic.com/store_item_assets/steam/apps/5178670/1ce31cbb49d9d9280e240dfae562d65ffd80ae75/header.jpg?t=1789569821,2026-09-16 10:42,2026-09-16 10:43
monowave,MONOWAVE,2026-09-16,,2D Platformer,Studio BBB,Studio BBB,PC,,0,,0,0,готов,https://www.metacritic.com/game/monowave/,https://www.youtube.com/watch?v=m_-kJOGEawQ,https://video.akamai.steamstatic.com/store_trailers/2680440/1504504816/4ce47eb166709d5201060a531c1a38593ab854c7/1789568722/hls_264_master.m3u8?t=1789570535,https://www.metacritic.com/a/img/catalog/provider/7/2/7-1789512606.jpg,2026-09-16 11:00,2026-09-16 11:00
mai-trang,Mai Trang,2026-09-14,,Adventure,Chuongcc,Chuongcc,PC,,0,,0,0,готов,https://www.metacritic.com/game/mai-trang/,https://www.youtube.com/watch?v=L5OZjSCy0Ic,https://video.akamai.steamstatic.com/store_trailers/5080490/767392900/2b68e054316ee13911d41c606bdbd681ae2f1121/1786219309/hls_264_master.m3u8?t=1787564642,https://www.metacritic.com/a/img/catalog/provider/6/12/6-1-1275784-52.jpg,2026-09-16 19:25,2026-09-16 19:25
mars-2099,Mars 2099,2026-09-16,,Action,Bramhed Studio,Bramhed Studio,PC,,0,,0,0,не найден,https://www.metacritic.com/game/mars-2099/,,https://video.akamai.steamstatic.com/store_trailers/4953340/961388267/a74cd38af743b683cc0fd89fb732f3d8327a35de/1783958832/hls_264_master.m3u8?t=1784534668,https://www.metacritic.com/a/img/catalog/provider/6/12/6-1-1260543-52.jpg,2026-09-16 10:42,2026-09-16 10:43
masonshaven,MasonsHaven,2026-09-14,,Sandbox,Haegil46,Haegil46,PC,,0,,0,0,не найден,https://www.metacritic.com/game/masonshaven/,,,https://www.metacritic.com/a/img/catalog/provider/6/12/6-1-1279367-52.jpg,2026-09-16 19:10,2026-09-16 19:10
medieval-juice-crafter,Medieval Juice Crafter,2026-09-15,,Virtual Career,Timeless Rush,Grab The Games,PC,,0,,0,0,готов,https://www.metacritic.com/game/medieval-juice-crafter/,https://www.youtube.com/watch?v=hIxDlGbO3qc,https://video.akamai.steamstatic.com/store_trailers/4668870/1351140076/5ff7e9113b719d215b43759eee826347a1cdc9f3/1777035197/hls_264_master.m3u8?t=1777356460,https://www.metacritic.com/a/img/catalog/provider/6/12/6-1-1231454-52.jpg,2026-09-15 19:00,2026-09-16 14:00
melaka-1511-the-malay-chronicles-before-the-storm,Melaka 1511: The Malay Chronicles - Before The Storm,2026-09-16,,Adventure,Syahir Bahiran Hilmi,MULTIPDPKIT,PC,,0,,0,0,не найден,https://www.metacritic.com/game/melaka-1511-the-malay-chronicles-before-the-storm/,,https://video.akamai.steamstatic.com/store_trailers/5132570/847393144/5c3be242ce4bb4e51e05ad41215dbc00f029ee57/1788656379/hls_264_master.m3u8?t=1788657357,https://www.metacritic.com/a/img/catalog/provider/6/12/6-1-1279107-52.jpg,2026-09-16 10:42,2026-09-16 10:43
midnight-news-report,Midnight News Report,2026-09-16,,Survival,Lunarbound Games,Lunarbound Games,PC,,0,,0,0,не найден,https://www.metacritic.com/game/midnight-news-report/,,https://video.akamai.steamstatic.com/store_trailers/4894100/1958856640/d0b4c2c3d6f7f8078689f824502e61c9bd4d8717/1783447653/hls_264_master.m3u8?t=1783448023,https://www.metacritic.com/a/img/catalog/provider/6/12/6-1-1256024-52.jpg,2026-09-16 10:42,2026-09-16 10:43
might-and-poison-mushroom,Might & Poison Mushroom,2026-09-15,,Real-Time Tactics,GooloolooGames,Erabit,PC,,0,,0,0,не найден,https://www.metacritic.com/game/might-and-poison-mushroom/,,https://video.akamai.steamstatic.com/store_trailers/4991340/1564741129/0bf2b81db0df34df0420aead6cf7922df70b63a0/1788317101/hls_264_master.m3u8?t=1788317524,https://www.metacritic.com/a/img/catalog/provider/6/12/6-1-1275878-52.jpg,2026-09-16 13:06,2026-09-16 13:06
mixed-spirits-bartender,Mixed Spirits: Bartender,2026-09-15,,Virtual Career,Rogue Duck Interactive,Rogue Duck Interactive,PC,,0,,0,0,готов,https://www.metacritic.com/game/mixed-spirits-bartender/,https://www.youtube.com/watch?v=P64GBcdU6N0,https://video.akamai.steamstatic.com/store_trailers/3891400/1753902742/9b1b6b691478b7f2d05ce93c13d84bb90807fdc7/1788700119/hls_264_master.m3u8?t=1788700624,https://www.metacritic.com/a/img/catalog/provider/6/12/6-1-1151530-52.jpg,2026-09-15 13:00,2026-09-16 13:06
monky-os,Monky OS,2026-09-14,,Strategy,Monky Gaming Community,Monky Gaming Community,PC,,0,,0,0,не найден,https://www.metacritic.com/game/monky-os/,,https://video.akamai.steamstatic.com/store_trailers/5147390/662288880/cca7ae5f62b09f76ca2f0c115006e2fd4b3e05ce/1787423505/hls_264_master.m3u8?t=1788182225,https://www.metacritic.com/a/img/catalog/provider/6/12/6-1-1279205-52.jpg,2026-09-16 19:25,2026-09-16 19:25
moonwrought-bastion,Moonwrought Bastion,2026-09-14,,Action,Moonwrought Games,Moonwrought Games,PC,,0,,0,0,не найден,https://www.metacritic.com/game/moonwrought-bastion/,,https://video.akamai.steamstatic.com/store_trailers/5112240/1899454617/f7ccf257e643043e6ae4428e034c61bc222642b9/1787707190/hls_264_master.m3u8?t=1788222524,https://www.metacritic.com/a/img/catalog/provider/6/12/6-1-1279613-52.jpg,2026-09-16 19:25,2026-09-16 19:25
my-fishing-world-2,My Fishing World 2,2026-09-14,,Fishing,Huaxing,Huaxing,PC,,0,,0,0,не найден,https://www.metacritic.com/game/my-fishing-world-2/,,,https://www.metacritic.com/a/img/catalog/provider/6/12/6-1-1260063-52.jpg,2026-09-16 19:10,2026-09-16 19:10
neko-neko-shop,Neko Neko Shop,2026-09-15,,Simulation,KOZYEZ,Monkey Cube,PC,,0,,0,0,не найден,https://www.metacritic.com/game/neko-neko-shop/,,https://video.akamai.steamstatic.com/store_trailers/5129240/1770835915/dc707bcfefe6cd5a366265cfd6f3099c6cc159f5/1787101294/hls_264_master.m3u8?t=1787578885,https://www.metacritic.com/a/img/catalog/provider/6/12/6-1-1275861-52.jpg,2026-09-15 18:15,2026-09-16 14:00
neon-dodge,Neon Dodge,2026-09-15,,Arcade,Mavixen,Mavixen,PC,,0,,0,0,готов,https://www.metacritic.com/game/neon-dodge/,https://www.youtube.com/watch?v=58myyVWF0WI,https://video.akamai.steamstatic.com/store_trailers/3666410/190688531/f703cc83705c2eca1b521d99ae33f96e2baada0d/1789472090/hls_264_master.m3u8?t=1789472472,https://www.metacritic.com/a/img/catalog/provider/6/12/6-1-1174860-52.jpg,2026-09-15 19:00,2026-09-16 13:06
no-away-from-keyboard,No Away From Keyboard,2026-09-15,,Simulation,KNOVA,KNOVA,PC,,0,,0,0,не найден,https://www.metacritic.com/game/no-away-from-keyboard/,,https://video.akamai.steamstatic.com/store_trailers/5069090/1277031338/34b12a0a75e4c2761165139de548d3ce2b922278/1787503396/hls_264_master.m3u8?t=1788268444,https://www.metacritic.com/a/img/catalog/provider/6/12/6-1-1279316-52.jpg,2026-09-16 11:00,2026-09-16 11:00
no-fly-zone,No Fly Zone,2026-09-14,,Aircraft Combat Sim,Softlookup,Softlookup,PC,,0,,0,0,не найден,https://www.metacritic.com/game/no-fly-zone/,,https://video.akamai.steamstatic.com/store_trailers/5199610/270175633/d556a8cf8e4a107b0fdf3fb5be716a75131d4b0b/1788292530/hls_264_master.m3u8?t=1789152165,https://www.metacritic.com/a/img/catalog/provider/6/12/6-1-1283771-52.jpg,2026-09-16 19:37,2026-09-16 19:37
no-quarter,No Quarter,2026-09-15,,Open-World Action,BallsaurDev,BallsaurDev,PC,,0,,0,0,готов,https://www.metacritic.com/game/no-quarter/,https://www.youtube.com/watch?v=PDIj_A6dtBY,https://video.akamai.steamstatic.com/store_trailers/4899600/911267766/741587afcc9513563271d16fde3f57f226d6d77b/1786671477/hls_264_master.m3u8?t=1786671809,https://www.metacritic.com/a/img/catalog/provider/6/12/6-1-1267119-52.jpg,2026-09-15 18:15,2026-09-16 11:11
of-nooks-and-nonsense-a-pirate-hidden-object-game,Of Nooks and Nonsense: A Pirate Hidden Object Game,2026-09-14,,Hidden Object,Weird Pumpkins Studios,Weird Pumpkins Studios,PC,,0,,0,0,не найден,https://www.metacritic.com/game/of-nooks-and-nonsense-a-pirate-hidden-object-game/,,https://video.akamai.steamstatic.com/store_trailers/4699670/1756114699/698bf349bec82fc1f1a296c429b4a83a8ccc1b96/1787605878/hls_264_master.m3u8?t=1787606119,https://www.metacritic.com/a/img/catalog/provider/6/12/6-1-1234727-52.jpg,2026-09-16 19:10,2026-09-16 19:10
old-market-restored,Old Market Restored,2026-09-16,,Hidden Object,Alcedo Games,Alcedo Games,PC,,0,,0,0,не найден,https://www.metacritic.com/game/old-market-restored/,,https://video.akamai.steamstatic.com/store_trailers/4986890/1375760705/cdda63b2a9b5a20167752d7d44d98b07f0e49db3/1784811648/hls_264_master.m3u8?t=1789557151,https://www.metacritic.com/a/img/catalog/provider/6/12/6-1-1262952-52.jpg,2026-09-16 11:00,2026-09-16 11:00
once-before-us,Once Before Us,2026-09-15,,First-Person Adventure,Palindrome Games,Palindrome Games,PC,,0,,0,0,не найден,https://www.metacritic.com/game/once-before-us/,,https://video.akamai.steamstatic.com/store_trailers/3849930/1707328887/0f9186e8c1d131e7136ce7191db395573ccddad4/1788085437/hls_264_master.m3u8?t=1788086957,https://www.metacritic.com/a/img/catalog/provider/6/12/6-1-1142485-52.jpg,2026-09-15 13:00,2026-09-16 13:06
oops-youre-the-hero,Oops! You're the Hero!,2026-09-15,,Action Adventure,Artificium Games,Artificium Games,PC,,0,,0,0,не найден,https://www.metacritic.com/game/oops-youre-the-hero/,,https://video.akamai.steamstatic.com/store_trailers/3166160/1355826523/b8871f87331030e1481e3eec5d95ea87b2f2658e/1788998411/hls_264_master.m3u8?t=1788998560,https://www.metacritic.com/a/img/catalog/provider/6/12/6-1-1054708-52.jpg,2026-09-15 19:00,2026-09-16 13:06
out-of-range,Out of Range,2026-09-14,,Top-Down Shoot-'Em-Up,Yoho Games,Yoho Games,PC,,0,,0,0,готов,https://www.metacritic.com/game/out-of-range/,https://www.youtube.com/watch?v=9dSWbUpmfHI,https://video.akamai.steamstatic.com/store_trailers/5114230/1263558021/b3a5f5a3031650764dc53a34f967d7536adadd50/1786797899/hls_264_master.m3u8?t=1788206085,https://www.metacritic.com/a/img/catalog/provider/6/12/6-1-1279173-52.jpg,2026-09-16 19:25,2026-09-16 19:25
panchito-delivery-project-elevator,Panchito Delivery: Project Elevator,2026-09-16,,First-Person Adventure,Pigeon-G,Pigeon-G,PC,,0,,0,0,не найден,https://www.metacritic.com/game/panchito-delivery-project-elevator/,,https://video.akamai.steamstatic.com/store_trailers/5153100/66527883/c191414a56327b51f1a9929ca350d479659a752a/1787574227/hls_264_master.m3u8?t=1788431113,https://www.metacritic.com/a/img/catalog/provider/6/12/6-1-1280613-52.jpg,2026-09-16 10:42,2026-09-16 10:43
paratopic-overdub,Paratopic: Overdub,2026-09-16,,First-Person Adventure,Arbitrary Metric,Serenity Forge,PC,,0,,0,0,не найден,https://www.metacritic.com/game/paratopic-overdub/,,https://video.akamai.steamstatic.com/store_trailers/3781550/1719926797/c4aa71cfbe4a9662fe55deb565f93f8cf9a36fe8/1784135146/hls_264_master.m3u8?t=1784225702,https://www.metacritic.com/a/img/catalog/provider/6/12/6-1-1130425-52.jpg,2026-09-16 10:28,2026-09-16 10:28
pawmart-tiny-market,PawMart Tiny Market,2026-09-15,,Tycoon,Smallroom,Smallroom,PC,,0,,0,0,готов,https://www.metacritic.com/game/pawmart-tiny-market/,https://www.youtube.com/watch?v=2mVQZg7Lwn8,https://video.akamai.steamstatic.com/store_trailers/4414270/59003175/ae8a3e5ba58b72a6f700c8a095027db4e4c989df/1786718847/hls_264_master.m3u8?t=1786720013,https://www.metacritic.com/a/img/catalog/provider/6/12/6-1-1231008-52.jpg,2026-09-15 19:00,2026-09-16 11:11
perfect-place,Perfect Place,2026-09-15,,Virtual Life,Popular Gaming,Popular Gaming,PC,,0,,0,0,не найден,https://www.metacritic.com/game/perfect-place/,,https://video.akamai.steamstatic.com/store_trailers/4944090/1205895643/442fad55fb1381178c47d76b5de0d3cab9885f81/1788387093/hls_264_master.m3u8?t=1788387856,https://www.metacritic.com/a/img/catalog/provider/6/12/6-1-1266204-52.jpg,2026-09-15 19:00,2026-09-16 15:00
pinball-vr-classic-arcade-simulator,Pinball VR: Classic Arcade Simulator,2026-09-15,,Pinball,Gravity Labs,Gravity Labs,Meta Quest,,0,,0,0,не найден,https://www.metacritic.com/game/pinball-vr-classic-arcade-simulator/,,,,2026-09-16 11:11,2026-09-16 11:11
planetary-genesis-felis,Planetary Genesis: Felis,2026-09-16,,Simulation,Unprecedented Creations,Unprecedented Creations,PC,,0,,0,0,не найден,https://www.metacritic.com/game/planetary-genesis-felis/,,,https://www.metacritic.com/a/img/catalog/provider/6/12/6-1-1272396-52.jpg,2026-09-16 10:42,2026-09-16 10:43
poly-peacocks,Poly Peacocks,2026-09-15,,Party,StatcSquid,StatcSquid,PC,,0,,0,0,не найден,https://www.metacritic.com/game/poly-peacocks/,,https://video.akamai.steamstatic.com/store_trailers/4900460/1972507999/493d44fc26958a3d38481969b96d26ae8a3e990b/1786805609/hls_264_master.m3u8?t=1786806304,https://www.metacritic.com/a/img/catalog/provider/6/12/6-1-1266409-52.jpg,2026-09-15 18:15,2026-09-16 11:11
popcorn-and-premieren,Popcorn & Premieren,2026-09-16,,Tycoon,Jodelsoft,Jodelsoft,PC,,0,,0,0,не найден,https://www.metacritic.com/game/popcorn-and-premieren/,,https://video.akamai.steamstatic.com/store_trailers/5125170/1468343175/b174da14186a6c6fdf31d1675c3226a3b654bb2c/1788869049/hls_264_master.m3u8?t=1788869463,https://shared.akamai.steamstatic.com/store_item_assets/steam/apps/5125170/e87a5ad799eaa9c9a8bd9d22b48972b11ccc0174/header.jpg?t=1789040095,2026-09-16 10:42,2026-09-16 10:43
reset-0-entropy-architect,RESET-0: Entropy Architect,2026-09-14,,Strategy,Metaphor Projects,Metaphor Projects,PC,,0,,0,0,не найден,https://www.metacritic.com/game/reset-0-entropy-architect/,,https://video.akamai.steamstatic.com/store_trailers/5010240/973964170/b433df25652c8ea03fefe781a3986fbc0288afbc/1786072575/hls_264_master.m3u8?t=1787201937,https://www.metacritic.com/a/img/catalog/provider/6/12/6-1-1273394-52.jpg,2026-09-16 19:25,2026-09-16 19:25
roguelike-card-gamebusiness-empire,ROGUELIKE CARD GAME:BUSINESS EMPIRE,2026-09-15,,Card Battle,COO Studio,COO Studio,PC,,0,,0,0,не найден,https://www.metacritic.com/game/roguelike-card-gamebusiness-empire/,,https://video.akamai.steamstatic.com/store_trailers/4506090/1509715020/273932d36ae28f67798405a29f3b14e6acfc2434/1782575807/hls_264_master.m3u8?t=1782576192,https://www.metacritic.com/a/img/catalog/provider/6/12/6-1-1228239-52.jpg,2026-09-15 18:15,2026-09-16 15:00
rpg-system,RPG System,2026-09-14,,Turn-Based Tactics,J&V ENTERTAINMENT LTDA,J&V ENTERTAINMENT LTDA,PC,,0,,0,0,не найден,https://www.metacritic.com/game/rpg-system/,,https://video.akamai.steamstatic.com/store_trailers/5068520/1953785137/e85909920ee19c1937390f95dc2aeea44cd81aff/1785996614/hls_264_master.m3u8?t=1787065890,https://www.metacritic.com/a/img/catalog/provider/6/12/6-1-1272030-52.jpg,2026-09-16 19:37,2026-09-16 19:37
ride-up-together,Ride Up Together,2026-09-16,,Arcade Racing,Necha Games,Suber Game Studio,PC,,0,,0,0,готов,https://www.metacritic.com/game/ride-up-together/,https://www.youtube.com/watch?v=9J-bJRHMKZ8,https://video.akamai.steamstatic.com/store_trailers/4895550/1928355660/01c7dc7c03a727aaa3856dd14d80229fa83f73df/1789483940/hls_264_master.m3u8?t=1789484822,https://www.metacritic.com/a/img/catalog/provider/6/12/6-1-1257772-52.jpg,2026-09-16 11:00,2026-09-16 11:00
road-connect,Road Connect,2026-09-14,,Action,Angel Torres,Angel Torres,PC,,0,,0,0,не найден,https://www.metacritic.com/game/road-connect/,,https://video.akamai.steamstatic.com/store_trailers/4659150/892441400/db2c6a31b47f08c70f2dfffdd08e93fca3c4e153/1779073432/hls_264_master.m3u8?t=1779515428,https://www.metacritic.com/a/img/catalog/provider/6/12/6-1-1239927-52.jpg,2026-09-16 19:25,2026-09-16 19:25
rogue-circuit,Rogue Circuit,2026-09-14,,Auto Racing,Jorge Francisco Bescos Gascon,Jorge Francisco Bescos Gascon,PC,,0,,0,0,не найден,https://www.metacritic.com/game/rogue-circuit/,,https://video.akamai.steamstatic.com/store_trailers/5180900/414428655/83665093aeabb49952fae0e6a7a79d5d59dd71f5/1788332851/hls_264_master.m3u8?t=1788333319,https://www.metacritic.com/a/img/catalog/provider/6/12/6-1-1279639-52.jpg,2026-09-16 19:37,2026-09-16 19:37
roman-sands-rebuild,Roman Sands RE:Build,2026-09-16,T,First-Person Adventure,Arbitrary Metric,Serenity Forge; Beep,Nintendo Switch,,0,,0,0,готов,https://www.metacritic.com/game/roman-sands-rebuild/,https://www.youtube.com/watch?v=eYKC00woZ9w,https://video.akamai.steamstatic.com/store_trailers/2231460/1051565317/2a3c6895359de8cb422394074288474299438597/1784135385/hls_264_master.m3u8?t=1784224601,https://www.metacritic.com/a/img/catalog/provider/6/12/6-1-911239-52.jpg,2026-09-16 10:28,2026-09-16 10:28
runescape-dragonwilds,RuneScape: Dragonwilds,2026-09-15,,Open-World Action,Jagex,Jagex,PC,,6,,0,1,готов,https://www.metacritic.com/game/runescape-dragonwilds/,https://www.youtube.com/watch?v=LnwdjHpZzqU,https://video.akamai.steamstatic.com/store_trailers/1374490/1041681910/319600eec8d42cd140158ed4a8034b3ce74d135f/1788355172/hls_264_master.m3u8?t=1789462848,https://www.metacritic.com/a/img/catalog/provider/7/2/7-1781630650.jpg,2026-09-15 13:00,2026-09-16 13:06
runeomicon,Runeomicon,2026-09-16,,Strategy,The Longest Road,Joystick Ventures,PC,,0,,0,0,готов,https://www.metacritic.com/game/runeomicon/,https://www.youtube.com/watch?v=CAWFNF-WJYg,https://video.akamai.steamstatic.com/store_trailers/3160570/362271138/15adc8aa7f3105eeec44df92ca02230acb3567b7/1787156557/hls_264_master.m3u8?t=1787158114,https://www.metacritic.com/a/img/catalog/provider/6/12/6-1-1057569-52.jpg,2026-09-16 10:28,2026-09-16 10:28
rushcremental,Rushcremental,2026-09-15,,Strategy,Tim Beaudet,Tyre Bytes LLC,PC,,0,,0,0,готов,https://www.metacritic.com/game/rushcremental/,https://www.youtube.com/watch?v=U5QqXZ4vK5U,https://video.akamai.steamstatic.com/store_trailers/2695500/2145620664/c8c3aaaa09c1ecd638edbc6b4944bcf591649046/1788347311/hls_264_master.m3u8?t=1788347635,https://www.metacritic.com/a/img/catalog/provider/6/12/6-1-1191847-52.jpg,2026-09-15 19:00,2026-09-16 11:11
side-out,SIDE OUT,2026-09-15,,Arcade,antics,antics,PC,,0,,0,0,не найден,https://www.metacritic.com/game/side-out/,,https://video.akamai.steamstatic.com/store_trailers/5146540/136645104/e15f030219ce1e451766dd03c80daab386ac7f50/1787267199/hls_264_master.m3u8?t=1787785466,https://www.metacritic.com/a/img/catalog/provider/6/12/6-1-1276904-52.jpg,2026-09-15 18:15,2026-09-16 14:00
singularity-xzx,SINGULARITY (xzx),2026-09-15,,Compilation,xzx,xzx,PC,,0,,0,0,не найден,https://www.metacritic.com/game/singularity-xzx/,,,https://www.metacritic.com/a/img/catalog/provider/6/12/6-1-1279932-52.jpg,2026-09-16 14:00,2026-09-16 14:00
sss-fpv,SSS-FPV,2026-09-15,,Aircraft Sim,Invincible Pilot,Invincible Pilot,PC,,0,,0,0,не найден,https://www.metacritic.com/game/sss-fpv/,,,https://www.metacritic.com/a/img/catalog/provider/6/12/6-1-1273569-52.jpg,2026-09-16 13:06,2026-09-16 13:06
stilltrace,STILLTRACE,2026-09-15,,Top-Down Shoot-'Em-Up,AdroVGames,AdroVGames,PC,,0,,0,0,не найден,https://www.metacritic.com/game/stilltrace/,,https://video.akamai.steamstatic.com/store_trailers/5115240/2114284895/8301a422e6e53ba67c5a7e2849fe8f933f109533/1787084434/hls_264_master.m3u8?t=1787564677,https://www.metacritic.com/a/img/catalog/provider/6/12/6-1-1275863-52.jpg,2026-09-15 19:00,2026-09-16 14:00
sakura-branch-blossom-puzzle,Sakura Branch: Blossom Puzzle,2026-09-14,,Puzzle,Ruquon,ASI GAMES TECHNOLOGIES LTD,Nintendo Switch,,0,,0,0,не найден,https://www.metacritic.com/game/sakura-branch-blossom-puzzle/,,,https://play-lh.googleusercontent.com/W9XtsP8SK-fBt9_GYF1-YElWKQ5DSgdZyxN5OXI9zc8r8xMDZ1DWDTzd08Zwr2RF0RkOr_rEtZOgpIQju0wJfJs=w512-h512,2026-09-16 19:10,2026-09-16 19:10
secrets-of-temple-isle,Secrets of Temple Isle,2026-09-15,,Action Adventure,Moses Doyle,Moses Doyle,PC,,0,,0,0,готов,https://www.metacritic.com/game/secrets-of-temple-isle/,https://www.youtube.com/watch?v=Fc0aVJh_5to,https://video.akamai.steamstatic.com/store_trailers/1842680/659290064/342f1592eb2308967f921b137ebece4e6bc4b9d3/1780134343/hls_264_master.m3u8?t=1784195034,https://www.metacritic.com/a/img/catalog/provider/6/12/6-1-885262-52.jpg,2026-09-15 13:00,2026-09-16 13:06
sect-logistics,Sect Logistics,2026-09-14,,Simulation,Youdianhan,Youdianhan,PC,,0,,0,0,не найден,https://www.metacritic.com/game/sect-logistics/,,https://video.akamai.steamstatic.com/store_trailers/4860160/1465071059/9549a24a60f5636c9ed249ea687b510936171845/1787033253/hls_264_master.m3u8?t=1788233791,https://www.metacritic.com/a/img/catalog/provider/6/12/6-1-1279187-52.jpg,2026-09-16 19:25,2026-09-16 19:25
seed-shop-tidy-up,Seed Shop: Tidy Up!,2026-09-15,,Simulation,meteor008,meteor008,PC,,0,,0,0,не найден,https://www.metacritic.com/game/seed-shop-tidy-up/,,https://video.akamai.steamstatic.com/store_trailers/5148260/530275777/63f4f9d751a3c9160a4b0bbd2bb1261c8f8d372d/1789229596/hls_264_master.m3u8?t=1789231197,https://www.metacritic.com/a/img/catalog/provider/6/12/6-1-1279630-52.jpg,2026-09-15 18:15,2026-09-16 15:00
shardkeep,Shardkeep,2026-09-15,,Matching Puzzle,Meridian Studios,Meridian Studios,PC,,0,,0,0,не найден,https://www.metacritic.com/game/shardkeep/,,https://video.akamai.steamstatic.com/store_trailers/5177270/1396828512/82a212bdc6c20dbc5fe3d84dbb95c42b44842d3b/1787711479/hls_264_master.m3u8?t=1788423319,https://www.metacritic.com/a/img/catalog/provider/6/12/6-1-1280869-52.jpg,2026-09-16 14:00,2026-09-16 14:00
shh-supergirl-is-doing-online-shopping,Shh! Supergirl is doing online shopping!,2026-09-14,,Puzzle,Cardboard Bento Studio,Cardboard Bento Studio,PC,,0,,0,0,не найден,https://www.metacritic.com/game/shh-supergirl-is-doing-online-shopping/,,,https://www.metacritic.com/a/img/catalog/provider/6/12/6-1-1246812-52.jpg,2026-09-16 19:10,2026-09-16 19:10
shutterout,ShutterOut,2026-09-15,,Survival,ASJK,ASJK,PC,,0,,0,0,не найден,https://www.metacritic.com/game/shutterout/,,https://video.akamai.steamstatic.com/store_trailers/5132730/662681998/bf9df3606744b73087beb63eb429bbd15de578fb/1787682079/hls_264_master.m3u8?t=1788202169,https://www.metacritic.com/a/img/catalog/provider/6/12/6-1-1279363-52.jpg,2026-09-15 18:15,2026-09-16 14:00
sicarios,Sicarios,2026-09-14,,Point-and-Click,Bonuman Game Studio,Bonuman Game Studio,PC,,0,,0,0,не найден,https://www.metacritic.com/game/sicarios/,,https://video.akamai.steamstatic.com/store_trailers/5125490/1261482031/af45e70f2b9389f484b5a2701348ee9e2085c730/1787050384/hls_264_master.m3u8?t=1788244429,https://www.metacritic.com/a/img/catalog/provider/6/12/6-1-1279195-52.jpg,2026-09-16 19:25,2026-09-16 19:25
slimemerge,SlimeMerge,2026-09-14,,Puzzle,QuietQuickCollapseGames,QuietQuickCollapseGames,PC,,0,,0,0,не найден,https://www.metacritic.com/game/slimemerge/,,https://video.akamai.steamstatic.com/store_trailers/5111270/1836411694/c4b96cca428794d6c9d0edb3b091c0b1a32dc75f/1787586047/hls_264_master.m3u8?t=1788164023,https://www.metacritic.com/a/img/catalog/provider/6/12/6-1-1279645-52.jpg,2026-09-16 19:37,2026-09-16 19:37
snuggle-nightmare,Snuggle Nightmare,2026-09-15,,First-Person Adventure,Catire Games Studio,Catire Games Studio,PC,,0,,0,0,готов,https://www.metacritic.com/game/snuggle-nightmare/,https://www.youtube.com/watch?v=SD3F3ZBj3lo,https://video.akamai.steamstatic.com/store_trailers/4537800/285816707/558d27782eb713bcabb4eeaa401d4827347997f9/1789059702/hls_264_master.m3u8?t=1789060181,https://www.metacritic.com/a/img/catalog/provider/6/12/6-1-1218302-52.jpg,2026-09-15 19:00,2026-09-16 11:11
solvizz,Solvizz,2026-09-15,,Logic Puzzle,Oulda,Oulda,PC,,0,,0,0,готов,https://www.metacritic.com/game/solvizz/,https://www.youtube.com/watch?v=NmMaiVkL9nc,https://video.akamai.steamstatic.com/store_trailers/4210440/284930328/eca4acce2f1663f1b5cf7cde9aa2d7982a1caa31/1784833908/hls_264_master.m3u8?t=1784834263,https://www.metacritic.com/a/img/catalog/provider/6/12/6-1-1255167-52.jpg,2026-09-16 11:11,2026-09-16 11:11
sort-the-toys,Sort The Toys,2026-09-16,,Simulation,odwar,odwar,PC,,0,,0,0,не найден,https://www.metacritic.com/game/sort-the-toys/,,https://video.akamai.steamstatic.com/store_trailers/5175160/1849513805/726ad00afe12a81fd629ba9ac6e0946adac4b1cc/1787853382/hls_264_master.m3u8?t=1788185408,https://shared.akamai.steamstatic.com/store_item_assets/steam/apps/5175160/9e2330895576eddeaaaf1e6105365cb7896a43e9/header.jpg?t=1789499518,2026-09-16 10:42,2026-09-16 10:43
stack-together-to-the-moon-stack-build-and-escape,"Stack Together: To the Moon - Stack, Build & Escape",2026-09-14,,Sandbox,Simnetic Game,Simnetic Game,PC,,0,,0,0,не найден,https://www.metacritic.com/game/stack-together-to-the-moon-stack-build-and-escape/,,https://video.akamai.steamstatic.com/store_trailers/3424650/781987648/505b9717c6ce7ddd44c1ec7e75c5a307f6d7d67a/1787164537/hls_264_master.m3u8?t=1787684811,https://www.metacritic.com/a/img/catalog/provider/6/12/6-1-1276451-52.jpg,2026-09-16 19:25,2026-09-16 19:25
stock-market-crash-2,Stock Market Crash 2,2026-09-15,,Strategy,Dan Glover,Dan Glover,PC,,0,,0,0,не найден,https://www.metacritic.com/game/stock-market-crash-2/,,https://video.akamai.steamstatic.com/store_trailers/5104080/1391682151/dc70d31cec94cd912a8ce025a31177da42b03873/1786730968/hls_264_master.m3u8?t=1787095014,https://www.metacritic.com/a/img/catalog/provider/6/12/6-1-1272755-52.jpg,2026-09-15 19:00,2026-09-16 14:00
sudoku-sand-games,Sudoku (Sand Games),2026-09-14,,Logic Puzzle,Sand Games,Sand Games,PC,,0,,0,0,не найден,https://www.metacritic.com/game/sudoku-sand-games/,,,https://www.metacritic.com/a/img/catalog/provider/6/12/6-1-1262306-52.jpg,2026-09-16 19:10,2026-09-16 19:10
sukmantos-kitchen-1990,Sukmantos Kitchen 1990,2026-09-15,,Survival,Ilhaminati,Ilhaminati,PC,,0,,0,0,не найден,https://www.metacritic.com/game/sukmantos-kitchen-1990/,,https://video.akamai.steamstatic.com/store_trailers/5107260/1763544023/34353b7d3bba7defa468eb8a4502dd2db074db0e/1787301912/hls_264_master.m3u8?t=1787897206,https://www.metacritic.com/a/img/catalog/provider/6/12/6-1-1277842-52.jpg,2026-09-15 18:15,2026-09-16 14:00
super-clown-spookyland,Super Clown Spookyland,2026-09-16,,Third-Person Adventure,Valkeala Software,Valkeala Software,PC,,0,,0,0,не найден,https://www.metacritic.com/game/super-clown-spookyland/,,https://video.akamai.steamstatic.com/store_trailers/5181540/988852277/48f5fd67cdb18271c4b4cbcc0e73bfe7bb887eab/1787760081/hls_264_master.m3u8?t=1788358256,https://www.metacritic.com/a/img/catalog/provider/6/12/6-1-1280858-52.jpg,2026-09-16 10:42,2026-09-16 10:43
suqare-hired-gun,Suqare: Hired Gun,2026-09-15,,Top-Down Shoot-'Em-Up,2102 Game Studios,2102 Game Studios,PC,,0,,0,0,не найден,https://www.metacritic.com/game/suqare-hired-gun/,,https://video.akamai.steamstatic.com/store_trailers/3314260/665414497/6eed27f574a03486e7fdb22f8bbcc91519eb16e2/1778677005/hls_264_master.m3u8?t=1778677264,https://www.metacritic.com/a/img/catalog/provider/6/12/6-1-1076753-52.jpg,2026-09-15 13:00,2026-09-16 13:06
tcg-card-shop-simulator,TCG Card Shop Simulator,2026-09-15,,Virtual Career,OPNeon Games,OPNeon Games,PC,,1,,0,1,готов,https://www.metacritic.com/game/tcg-card-shop-simulator/,https://www.youtube.com/watch?v=6Dfe6CiqV-k,https://video.akamai.steamstatic.com/store_trailers/3070070/473183886/887dfaa163d972a09c449e48e40964923b18463c/1789384458/hls_264_master.m3u8?t=1789404600,https://www.metacritic.com/a/img/catalog/provider/6/12/6-1-1036168-52.jpg,2026-09-16 13:06,2026-09-16 13:06
trumpp-vs-elon-tycoon,TRUMPP VS ELON TYCOON,2026-09-15,,Tycoon,BlackTea Games,BlackTea Games,PC,,0,,0,0,не найден,https://www.metacritic.com/game/trumpp-vs-elon-tycoon/,,https://video.akamai.steamstatic.com/store_trailers/4784590/1523796916/c1d4ea2b4cb09140d7d1c83cb26d8c0e274b23b4/1780020011/hls_264_master.m3u8?t=1784585701,https://shared.akamai.steamstatic.com/store_item_assets/steam/apps/4784590/86373ef1057e7f51430d66b5ea94a96cf573611e/header.jpg?t=1785288055,2026-09-15 19:00,2026-09-16 11:00
tale-of-beauty,Tale of Beauty,2026-09-15,,Third-Person Adventure,UBU INTERACTIVE S.R.L.,UBU INTERACTIVE S.R.L.,PC,,0,,0,0,не найден,https://www.metacritic.com/game/tale-of-beauty/,,,https://www.metacritic.com/a/img/catalog/provider/6/12/6-1-1278931-52.jpg,2026-09-15 19:00,2026-09-16 13:06
tapybuddy,TapyBuddy,2026-09-14,,Simulation,Shady Monkey Studios,Shady Monkey Studios,PC,,0,,0,0,не найден,https://www.metacritic.com/game/tapybuddy/,,https://video.akamai.steamstatic.com/store_trailers/5077450/405552630/0e2ef0ef56995734cb528ae3fac4372b559384ed/1788521345/hls_264_master.m3u8?t=1789152129,https://www.metacritic.com/a/img/catalog/provider/6/12/6-1-1277552-52.jpg,2026-09-16 19:25,2026-09-16 19:25
taskbar-colony,Taskbar Colony,2026-09-15,,Simulation,Tom,Tom,PC,,0,,0,0,не найден,https://www.metacritic.com/game/taskbar-colony/,,https://video.akamai.steamstatic.com/store_trailers/5056060/830983426/d75eeb485c44c382b014b193e2500f644d332c3b/1787050804/hls_264_master.m3u8?t=1787336252,https://www.metacritic.com/a/img/catalog/provider/6/12/6-1-1274130-52.jpg,2026-09-15 19:00,2026-09-16 13:06
tenebris-terra-incognita,Tenebris: Terra Incognita,2026-09-14,,Turn-Based Tactics,Phantasmica Studios,Phantasmica Studios,PC,,0,,0,0,готов,https://www.metacritic.com/game/tenebris-terra-incognita/,https://www.youtube.com/watch?v=W4U1P-l9EVs,https://video.akamai.steamstatic.com/store_trailers/2280060/1369638099/913c2d094427eb7a8aa3e368ea0aa7665a9d02bc/1774877489/hls_264_master.m3u8?t=1774878623,https://www.metacritic.com/a/img/catalog/provider/6/12/6-1-914789-52.jpg,2026-09-16 19:25,2026-09-16 19:25
terminal-mission,Terminal Mission,2026-09-14,,Action,Jerome Lebel,Jerome Lebel,PC,,0,,0,0,готов,https://www.metacritic.com/game/terminal-mission/,https://www.youtube.com/watch?v=UJjAz1q5zq0,,,2026-09-16 19:10,2026-09-16 19:10
text-battle-royale,Text Battle Royale,2026-09-16,,Strategy,Rebourne Studios,Rebourne Studios,PC,,0,,0,0,не найден,https://www.metacritic.com/game/text-battle-royale/,,https://video.akamai.steamstatic.com/store_trailers/3933930/1089953790/b10d6bfc2f5bcc865654b763757d5ef71ec6b492/1785953083/hls_264_master.m3u8?t=1788216456,https://shared.akamai.steamstatic.com/store_item_assets/steam/apps/3933930/7f6beafd30895242e0b8b7c98ad23a91c26386bf/header.jpg?t=1788622830,2026-09-16 10:42,2026-09-16 10:43
the-architect-of-nowhere,The Architect of Nowhere,2026-09-16,,Visual Novel,kollegi51,kollegi51,PC,,0,,0,0,не найден,https://www.metacritic.com/game/the-architect-of-nowhere/,,https://video.akamai.steamstatic.com/store_trailers/5152950/853502173/aaf67f48ec26d8d3c40a0d8ee552275540c6c7aa/1787320692/hls_264_master.m3u8?t=1788355104,https://www.metacritic.com/a/img/catalog/provider/6/12/6-1-1280848-52.jpg,2026-09-16 10:42,2026-09-16 10:43
the-bow-ultimate-weapon,The Bow: Ultimate weapon,2026-09-15,,Top-Down Shoot-'Em-Up,Nomad Ukiki,Nomad Ukiki,PC,,0,,0,0,готов,https://www.metacritic.com/game/the-bow-ultimate-weapon/,https://www.youtube.com/watch?v=OdGjI7WfwJY,https://video.akamai.steamstatic.com/store_trailers/4563910/412727412/7fa336d85d731aebdaf0908a0f4b1d2b158f5182/1788270360/hls_264_master.m3u8?t=1788271264,https://www.metacritic.com/a/img/catalog/provider/6/12/6-1-1225777-52.jpg,2026-09-15 18:15,2026-09-16 11:11
the-event,The Event,2026-09-15,,First-Person Adventure,Lazy Games,Lazy Games,PC,,0,,0,0,не найден,https://www.metacritic.com/game/the-event/,,https://video.akamai.steamstatic.com/store_trailers/2444700/670766358/24445a321123010919371241665d228335b1c2d5/1789394839/hls_264_master.m3u8?t=1789395223,https://www.metacritic.com/a/img/catalog/provider/6/12/6-1-939416-52.jpg,2026-09-15 13:00,2026-09-16 13:06
the-excavation-beneath-the-cathedral,The Excavation: Beneath The Cathedral,2026-09-16,,First-Person Adventure,Wyrmfang Forge,Wyrmfang Forge,PC,,0,,0,0,не найден,https://www.metacritic.com/game/the-excavation-beneath-the-cathedral/,,https://video.akamai.steamstatic.com/store_trailers/4431460/475840929/955c9b2fabc5cd3bc629efc158cf8c6d84ca1536/1772126875/hls_264_master.m3u8?t=1772128355,https://www.metacritic.com/a/img/catalog/provider/6/12/6-1-1206793-52.jpg,2026-09-16 10:28,2026-09-16 10:28
the-glass-greenhouse-pharmacy,The Glass Greenhouse Pharmacy,2026-09-15,,Action,neo studio,neo studio,PC,,0,,0,0,не найден,https://www.metacritic.com/game/the-glass-greenhouse-pharmacy/,,,,2026-09-15 18:15,2026-09-15 18:15
the-gokturk-caravan,The Gokturk: Caravan,2026-09-16,,Strategy,VATEC Games,VATEC Games,PC,,0,,0,0,не найден,https://www.metacritic.com/game/the-gokturk-caravan/,,https://video.akamai.steamstatic.com/store_trailers/5213320/131615008/1e794db2d33b8cadfe73e53eb45ce3b4f9bd886b/1788339961/hls_264_master.m3u8?t=1788897187,https://shared.akamai.steamstatic.com/store_item_assets/steam/apps/5213320/b2b155754c667b0f7ffb3ab0e97701a618fd1f57/header.jpg?t=1788899632,2026-09-16 10:42,2026-09-16 10:43
the-last-15-minutes-on-tau-alpha-7,The Last 15 Minutes on Tau Alpha 7,2026-09-14,,FPS,Over The Moon,Over The Moon,PC,,0,,0,0,не найден,https://www.metacritic.com/game/the-last-15-minutes-on-tau-alpha-7/,,https://video.akamai.steamstatic.com/store_trailers/5062180/270369078/2f7c81cde112a9a3c31bb3e7df872e12aba0ee48/1786595545/hls_264_master.m3u8?t=1787611308,https://www.metacritic.com/a/img/catalog/provider/6/12/6-1-1275864-52.jpg,2026-09-16 19:37,2026-09-16 19:37
the-laundry-that-wont-open,The Laundry That Won't Open.,2026-09-14,,First-Person Adventure,bunsan,bunsan,PC,,0,,0,0,не найден,https://www.metacritic.com/game/the-laundry-that-wont-open/,,https://video.akamai.steamstatic.com/store_trailers/4742180/93059420/5794c4c0d165bb5361d57c10c3e437ced8fd947e/1786432193/hls_264_master.m3u8?t=1786433111,https://www.metacritic.com/a/img/catalog/provider/6/12/6-1-1244275-52.jpg,2026-09-16 19:25,2026-09-16 19:25
the-listener,The Listener,2026-09-14,,Adventure,False Start,ARTFX - GAME,PC,,0,,0,0,готов,https://www.metacritic.com/game/the-listener/,https://www.youtube.com/watch?v=79bdjEVsEc8,https://video.akamai.steamstatic.com/store_trailers/4840240/900797835/7081b0f77248c49db60b03a3bd4e191f9cc37ce5/1782200998/hls_264_master.m3u8?t=1788435699,https://www.metacritic.com/a/img/catalog/provider/6/12/6-1-1280872-52.jpg,2026-09-16 19:37,2026-09-16 19:37
the-night-shift,The Night Shift,2026-09-14,,Adventure,thetaa7,thetaa7,PC,,0,,0,0,готов,https://www.metacritic.com/game/the-night-shift/,https://www.youtube.com/watch?v=bm8T0oD633E,https://video.akamai.steamstatic.com/store_trailers/5140820/1933758819/de1628799545dc9ece17b5bf1d4e0e5322e39819/1787264078/hls_264_master.m3u8?t=1788177734,https://www.metacritic.com/a/img/catalog/provider/6/12/6-1-1279651-52.jpg,2026-09-16 19:37,2026-09-16 19:37
the-plant-shop,The Plant Shop,2026-09-16,,First-Person Adventure,Tori,Tori,PC,,0,,0,0,готов,https://www.metacritic.com/game/the-plant-shop/,https://www.youtube.com/watch?v=4wAOIxr15-Y,https://video.akamai.steamstatic.com/store_trailers/4140530/1443100573/cec79df23808e8800a2381411e3e0e88d29ae64a/1763728787/hls_264_master.m3u8?t=1765267116,https://www.metacritic.com/a/img/catalog/provider/6/12/6-1-1188168-52.jpg,2026-09-16 10:28,2026-09-16 10:28
the-solyanis-code,The Solyani's Code,2026-09-15,,Action Adventure,ANGames,ANGames,PC,,0,,0,0,не найден,https://www.metacritic.com/game/the-solyanis-code/,,https://video.akamai.steamstatic.com/store_trailers/341100/2038163941/15f78524b2d323cf2dfd10c257f28c47e50b91bc/1787570688/hls_264_master.m3u8?t=1787571077,https://www.metacritic.com/a/img/catalog/provider/6/12/6-1-1208177-52.jpg,2026-09-15 13:00,2026-09-16 11:11
tidy-up-history,Tidy Up History,2026-09-16,,Simulation,Casual Human,Casual Human,PC,,0,,0,0,не найден,https://www.metacritic.com/game/tidy-up-history/,,https://video.akamai.steamstatic.com/store_trailers/4870430/320912656/ba6bb2c1f9af688becb71b396da0aeefb55c5126/1783504714/hls_264_master.m3u8?t=1783508381,https://www.metacritic.com/a/img/catalog/provider/6/12/6-1-1256011-52.jpg,2026-09-16 11:00,2026-09-16 11:00
tidy-or-treat,Tidy or Treat,2026-09-16,,Simulation,Luriel,Luriel,PC,,0,,0,0,не найден,https://www.metacritic.com/game/tidy-or-treat/,,https://video.akamai.steamstatic.com/store_trailers/4746530/1253568290/82069edb4da92d6735c51fd7f254880aee204e24/1789268896/hls_264_master.m3u8?t=1789269080,https://www.metacritic.com/a/img/catalog/provider/6/12/6-1-1278216-52.jpg,2026-09-16 11:00,2026-09-16 11:00
tinker-shot,Tinker Shot,2026-09-16,,Action,CodeRed,Rogue Duck Interactive,PC,,0,,0,0,готов,https://www.metacritic.com/game/tinker-shot/,https://www.youtube.com/watch?v=Ne-NCdMzjtY,https://video.akamai.steamstatic.com/store_trailers/3351280/1397082891/92f500d2e184c8ef15139a018efe73440d4a558e/1762926216/hls_264_master.m3u8?t=1762926983,https://www.metacritic.com/a/img/catalog/provider/6/12/6-1-1072011-52.jpg,2026-09-16 10:28,2026-09-16 10:28
tiny-farmie,Tiny Farmie,2026-09-16,,Virtual Life,Tudou Tree,Tudou Tree,PC,,0,,0,0,не найден,https://www.metacritic.com/game/tiny-farmie/,,https://video.akamai.steamstatic.com/store_trailers/4570680/590799910/5e76201e64fc9f703aed62b2a10f4be2ee59da53/1779895029/hls_264_master.m3u8?t=1779895716,https://www.metacritic.com/a/img/catalog/provider/6/12/6-1-1226642-52.jpg,2026-09-16 10:28,2026-09-16 10:28
tocotoco,TocoToco,2026-09-15,,2D Platformer,Napoterulle,Napoterulle,PC,,0,,0,0,готов,https://www.metacritic.com/game/tocotoco/,https://www.youtube.com/watch?v=lhYh2a3GLA8,https://video.akamai.steamstatic.com/store_trailers/4592150/1656501599/7552120353711fe6eb6d7da959c00542b0958a99/1783855060/hls_264_master.m3u8?t=1783855352,https://www.metacritic.com/a/img/catalog/provider/6/12/6-1-1225364-52.jpg,2026-09-15 18:15,2026-09-15 18:15
toms-last-adventure,Tom's Last Adventure,2026-09-15,,2D Platformer,Flying Frog Studios,Flying Frog Studios,PC,,0,,0,0,не найден,https://www.metacritic.com/game/toms-last-adventure/,,https://video.akamai.steamstatic.com/store_trailers/5128050/814394256/454984ed5bd662c47bc8700709f3d54b789f823a/1787508646/hls_264_master.m3u8?t=1787923933,https://www.metacritic.com/a/img/catalog/provider/6/12/6-1-1277733-52.jpg,2026-09-15 18:15,2026-09-16 14:00
tower-craft,Tower Craft,2026-09-15,,Defense,EZY Studios,EZY Studios,PC,,0,,0,0,не найден,https://www.metacritic.com/game/tower-craft/,,https://video.akamai.steamstatic.com/store_trailers/4025930/1027537558/df7802d81fc0190debc4735207b3081f705390e3/1786210398/hls_264_master.m3u8?t=1786731510,https://www.metacritic.com/a/img/catalog/provider/6/12/6-1-1270973-52.jpg,2026-09-15 19:00,2026-09-16 15:00
train-sim-world-7,Train Sim World 7,2026-09-15,,Train Sim,Dovetail Games,Dovetail Games,PC,,0,,0,0,готов,https://www.metacritic.com/game/train-sim-world-7/,https://www.youtube.com/watch?v=FQ1g5DgsMY0,https://video.akamai.steamstatic.com/store_trailers/4678800/1941613200/ca70cdba35e748068713819123ce027d273c81e5/1788854978/hls_264_master.m3u8?t=1789491623,https://www.metacritic.com/a/img/catalog/provider/6/12/6-1-1275490-52.jpg,2026-09-15 18:15,2026-09-16 15:00
trumps-of-albion,Trumps Of Albion,2026-09-15,,Card Battle,Ka Yan Liu,Ka Yan Liu,PC,,0,,0,0,не найден,https://www.metacritic.com/game/trumps-of-albion/,,https://video.akamai.steamstatic.com/store_trailers/5173810/388765509/19ca1109f5aa2847131d04ea9de9a89d647395c6/1787928354/hls_264_master.m3u8?t=1788243275,https://www.metacritic.com/a/img/catalog/provider/6/12/6-1-1279631-52.jpg,2026-09-16 14:00,2026-09-16 14:00
two-point-hospital-full-health-collection,Two Point Hospital: Full Health Collection,2026-09-16,E10+,Tycoon,Two Point Studios,Sega,PlayStation 5,,0,,0,0,не найден,https://www.metacritic.com/game/two-point-hospital-full-health-collection/,,https://cdn.jwplayer.com/players/aayAxMJV.html,https://www.metacritic.com/a/img/catalog/provider/6/12/6-1-1261327-17.jpg,2026-09-16 11:00,2026-09-16 11:00
vhs-nights-the-tidy-up-shift,VHS Nights: The Tidy Up Shift,2026-09-16,,Virtual Career,Isolated Gamerz,Isolated Gamerz,PC,,0,,0,0,не найден,https://www.metacritic.com/game/vhs-nights-the-tidy-up-shift/,,https://video.akamai.steamstatic.com/store_trailers/5053880/1423405412/52f736c4e693284b96e08442c21befde635f38dc/1787359724/hls_264_master.m3u8?t=1787360455,https://www.metacritic.com/a/img/catalog/provider/6/12/6-1-1271671-52.jpg,2026-09-16 10:42,2026-09-16 10:43
veridus-the-walking-nightmare,Veridus The Walking Nightmare,2026-09-16,,Top-Down Shoot-'Em-Up,MagicCraft,MagicCraft,PC,,0,,0,0,не найден,https://www.metacritic.com/game/veridus-the-walking-nightmare/,,https://video.akamai.steamstatic.com/store_trailers/5105480/887009037/ff10d404762e323f76318203abeea3b98b0afb38/1788799808/hls_264_master.m3u8?t=1788800895,https://www.metacritic.com/a/img/catalog/provider/6/12/6-1-1280877-52.jpg,2026-09-16 11:00,2026-09-16 11:00
watt-fur-animal-power-plant,WATT FUR? Animal Power Plant,2026-09-15,,Tycoon,Mimosa Works,Mimosa Works,PC,,0,,0,0,не найден,https://www.metacritic.com/game/watt-fur-animal-power-plant/,,https://video.akamai.steamstatic.com/store_trailers/4974950/2107904461/3b2170069d6a50851c22780951b3d4afbce1dd5c/1787889383/hls_264_master.m3u8?t=1788398282,https://www.metacritic.com/a/img/catalog/provider/6/12/6-1-1280715-52.jpg,2026-09-15 13:00,2026-09-16 15:00
we-are-football-2027,WE ARE FOOTBALL 2027,2026-09-16,,Soccer Management,Winning Streak Games GmbH,Winning Streak Games GmbH,PC,,0,,0,0,готов,https://www.metacritic.com/game/we-are-football-2027/,https://www.youtube.com/watch?v=FvIpUJSEpLU,https://video.akamai.steamstatic.com/store_trailers/4328570/1033287757/44c393b053958be6e4a3afa71cafeccdac29f984/1788708370/hls_264_master.m3u8?t=1788710074,https://www.metacritic.com/a/img/catalog/provider/6/12/6-1-1218628-52.jpg,2026-09-16 11:00,2026-09-16 11:00
wait-cards-i-memorized,"Wait, Cards I Memorized?",2026-09-14,,Edutainment,Odd&YangNa,Odd&YangNa,PC,,0,,0,0,не найден,https://www.metacritic.com/game/wait-cards-i-memorized/,,,https://www.metacritic.com/a/img/catalog/provider/6/12/6-1-1279646-52.jpg,2026-09-16 19:37,2026-09-16 19:37
welcome-to-mars-9,Welcome To Mars 9,2026-09-16,,Point-and-Click,Sonomio Games,Sonomio Games,PC,,0,,0,0,готов,https://www.metacritic.com/game/welcome-to-mars-9/,https://www.youtube.com/watch?v=Mu51nyfyXPs,https://video.akamai.steamstatic.com/store_trailers/2434330/1438797670/25522f0471bea272706bd15383ba94ef7e0e5377/1780388448/hls_264_master.m3u8?t=1780388893,https://www.metacritic.com/a/img/catalog/provider/6/12/6-1-939425-52.jpg,2026-09-16 10:28,2026-09-16 10:28
woodo,Woodo,2026-09-16,,Puzzle,Tiny Monks Tales,Daedalic Entertainment,PC,,0,,0,0,готов,https://www.metacritic.com/game/woodo/,https://www.youtube.com/watch?v=Hs7GeOrQt7M,https://video.akamai.steamstatic.com/store_trailers/2572040/677630058/0f75b129aa6753052d77385084fc78d739cc4571/1789568362/hls_264_master.m3u8?t=1789570108,https://www.metacritic.com/a/img/catalog/provider/6/12/6-1-963018-52.jpg,2026-09-16 11:00,2026-09-16 11:00
wortgewandt,Wortgewandt,2026-09-16,,Logic Puzzle,RealAres,AresWorks,PC,,0,,0,0,не найден,https://www.metacritic.com/game/wortgewandt/,,https://video.akamai.steamstatic.com/store_trailers/4832860/1759732200/b5bfc4b0b417c711888880703c5935eea45325de/1788039026/hls_264_master.m3u8?t=1788121204,https://www.metacritic.com/a/img/catalog/provider/6/12/6-1-1264429-52.jpg,2026-09-16 10:42,2026-09-16 10:43
lemon-cat,lemon cat,2026-09-15,,Puzzle,zhangmeng,zhangmeng,PC,,0,,0,0,не найден,https://www.metacritic.com/game/lemon-cat/,,https://video.akamai.steamstatic.com/store_trailers/5188950/769266464/4009af5e7f20b06b91952177758704009ec72e0b/1788334501/hls_264_master.m3u8?t=1789101995,https://www.metacritic.com/a/img/catalog/provider/6/12/6-1-1283475-52.jpg,2026-09-16 14:00,2026-09-16 14:00
