slug,название,резюме по,плюсы,минусы,вывод,отзывов использовано,отзывов всего,модель,обновлено
5-in-1-arcade-vault,5 in 1 Arcade Vault,критики,,"критики отмечают, что игры в сборнике не производят впечатления и уступают проектам с более простым управлением","Критики оценивают сборник крайне негативно, указывая на отсутствие впечатлений от игр и их низкое качество по сравнению с другими проектами в жанре.",1,1,gemma-4-12b-it-qat,2026-09-16 15:00
aniimo,Aniimo,критики,"Критики хвалят визуальную составляющую игры, отмечая красоту открытого мира и дизайна существ; В отзывах отмечают увлекательную систему сбора и взаимодействия с существами, которая позволяет глубоко погружаться в процесс; Критики выделяют расслабляющий геймплей, подходящий для спокойного исследования и коллекционирования","Часть критиков указывает на избыточность контента и наличие систем, которые не дотягивают до высокого уровня исполнения; В отзывах встречаются нарекания на неудобный интерфейс и проблемы с управлением; Критики отмечают, что структура игры может напоминать школьную систему, а отсутствие значимых целей и элементы живой службы ограничивают потенциал проекта; Отмечается, что игре может не хватать глубины для тех, кто ищет сложные сражения","Критики оценивают Aniimo как приятную и визуально привлекательную игру для спокойного исследования и коллекционирования, однако отмечают проблемы с интерфейсом, избыточность некоторых механик и ограничения, связанные с моделью живой службы.",6,6,gemma-4-12b-it-qat,2026-09-16 10:00
another-eden-begins,Another Eden Begins,критики,Критики отмечают наличие увлекательного сюжета и интересных персонажей; В отзывах хвалят приятную боевую систему с интересными механиками; Критики положительно оценивают отсутствие механик монетизации и наличие режима New Game+; В отзывах встречаются положительные упоминания о визуальном стиле и качестве озвучки; Критики отмечают удачную адаптацию игры для консолей и контроллеров,"Критики указывают на сохранение черт мобильной версии и ограниченный объем исследования; В отзывах встречаются нарекания на неровный темп повествования, проблемы с структурой сюжета и проработку персонажей; Часть критиков жалуется на недостатки боевой системы, нехватку вызова и проблемы с картой; Критики отмечают проблемы с техническим состоянием, включая визуальные артефакты и несоответствия в озвучке; В отзывах встречаются жалобы на затянутые побочные квесты и медленное вступление","Критики оценивают игру как достойную адаптацию мобильной JRPG, отмечая удачное удаление монетизации и наличие режима New Game+. В отзывах преобладают положительные мнения о боевой системе и персонажах, однако критики также указывают на сохранение мобильных черт, проблемы с темпом повествования и технические недостатки.",14,14,gemma-4-12b-it-qat,2026-09-16 10:01
brazilian-drug-dealer-before-4-demons-from-the,BRAZILIAN DRUG DEALER BEFORE 4: DEMONS FROM THE PORTAL TO HELL I OPENED ARE STILL IN THE FAVELA AND NOW I HAVE TO SAVE MAMADAS FROM RONALDO,критики,"критики отмечают уникальность и аутентичность игры, подчеркивая её искренний и хаотичный характер как дань уважения бразильским модам и пиратским играм 2000-х; в отзывах встречается мнение, что проект является впечатляющим воплощением идеи любви к делу, которое выросло из простого дополнения в самостоятельную игру; критики хвалят игру за то, что она представляет собой веселый опыт, основанный на безумной и эксцентричной концепции","критики указывают на наличие повторяющихся идей, дефектов дизайна, а также на визуальную непривлекательность и любительский стиль исполнения","Критики оценивают игру как уникальный и искренний проект с безумной концепцией, который, несмотря на технические огрехи и визуальную простоту, вызывает положительные эмоции благодаря своей аутентичности.",2,2,gemma-4-12b-it-qat,2026-09-16 10:28
bioeden,BioEden,критики,"Один из критиков отмечает, что игра выглядит красиво и в ней есть что-то успокаивающее.; Один из критиков пишет, что игра предлагает приятный и доступный опыт управления, сосредоточенный на восстановлении экологии.; Один из критиков отмечает, что игра обладает расслабляющей атмосферой, прощающими механиками и размеренным темпом.; Один из критиков пишет, что игра является интересным и приятным экологическим поворотом в жанре 4X.; Один из критиков отмечает, что механики игры интересные и приносящие удовлетворение.","Один из критиков отмечает, что игра слишком легкая и часто оставляет игрока без дела.; Один из критиков пишет, что в игре мало того, что могло бы зацепить или заставить вернуться снова.; Один из критиков отмечает, что в игре повторяющаяся структура кампаний и малая вариативность гильдий.; Один из критиков пишет, что из-за непоследовательных систем, отсутствия сюжета и ограниченной реиграбельности игра не раскрывает свой потенциал.; Один из критиков отмечает, что игре не хватает глубины для обеспечения хорошей реиграбельности, а опытным игрокам в 4X она может показаться слишком простой.","Отзывы критиков носят смешанный характер: игроки хвалят расслабляющую атмосферу и визуальный стиль, но указывают на недостаток глубины, повторяющиеся элементы и низкую реиграбельность.",5,5,gemma-4-12b-it-qat,2026-09-15 12:48
bus-simulator-27,Bus Simulator 27,критики,"Один из критиков отмечает отличную визуальную составляющую игры; Один из критиков хвалит большой выбор и качественный дизайн автобусов; Один из критиков отмечает высокую степень реализма; Один из критиков пишет, что игра обладает большой картой и достаточным количеством контента; Один из критиков отмечает внимание к деталям в локации Felicia Bay","Один из критиков пишет, что игра может работать нестабильно на старых компьютерах и иметь ошибки; Один из критиков считает, что игра ощущается как проект в раннем доступе; Один из критиков отмечает необходимость улучшения искусственного интеллекта водителей; Один из критиков пишет о наличии множества проблем в различных игровых режимах","Отзывы критиков носят смешанный характер: одни хвалят визуальную составляющую и объем контента, другие указывают на техническую неготовность игры и наличие багов.",4,4,gemma-4-12b-it-qat,2026-09-15 12:46
bus-simulator-27,Bus Simulator 27,игроки,Один из игроков считает игру очень хорошей и отмечает крайне малое количество багов по сравнению с предыдущей частью.,,"В выборке представлен лишь один положительный отзыв, поэтому общая картина игры по отзывам неполная.",1,2,gemma-4-12b-it-qat,2026-09-15 12:46
captain-tsubasa-2-world-fighters,Captain Tsubasa 2: World Fighters,критики,"Критики отмечают значительные улучшения в игровом процессе, включая более динамичные матчи, отточенные механики специальных приемов и контроль действий вратаря; Игра отлично передает дух аниме благодаря яркой визуализации, атмосферности и специфическим особенностям футбола в серии; Критики хвалят глубокую проработку лора серии и наличие большого объема контента для кастомизации игроков; Многим понравился сюжетный режим, который содержит много фанатского сервиса и интересных моментов; Игра позиционируется как отличный вариант для фанатов серии, предлагающий более тактический опыт","Критики жалуются на недостаток игровых режимов и низкую реиграбельность; Некоторые критики считают, что игра слишком сильно фокусируется на сюжете в ущерб основному футбольному геймплею; Игровой процесс критикуют за повторяемость, недостаточную глубину прогрессии и наличие частых загрузочных экранов; Критики указывают на технические проблемы, включая слабый искусственный интеллект и низкую сложность; Один из критиков отмечает, что игра не смогла решить многие проблемы своей предшественницы","Отзывы критиков разделились: одни хвалят игру за улучшенный геймплей и верность духу аниме, другие критикуют её за избыточный упор на сюжет, технические огрехи и ограниченное количество режимов.",20,34,gemma-4-12b-it-qat,2026-09-15 12:51
captain-tsubasa-2-world-fighters,Captain Tsubasa 2: World Fighters,игроки,"Игрокам нравится визуальный стиль игры, который передает атмосферу аниме, и качественная анимация специальных приемов; Положительно оценивается звуковое сопровождение; Многим игрокам нравится сюжет, который считается длинным и хорошо передающим дух оригинала; Игроки отмечают наличие большого количества команд и персонажей; Один из игроков отмечает, что новая система защиты превращает удары в напряжные психологические дуэли","Игроки жалуются на сложность освоения управления и специфику механик, которые сильно отличаются от предыдущей части; Один из игроков пишет, что игра кажется медлительной и неуклюжей; Игроки критикуют техническое состояние игры, включая плохую оптимизацию и большое количество загрузок в режиме истории; Некоторые игроки недовольны сокращением количества игровых режимов и отсутствием возможности кастомизации клубов по сравнению с предыдущей игрой; Один игрок отмечает, что сюжетная линия кажется бессмысленной и сводится к простому чтению текста","Отзывы игроков разделились: одни хвалят игру за атмосферу аниме, качественную графику и длинный сюжет, другие критикуют неудобное управление, технические проблемы и сокращение контента по сравнению с предыдущей частью.",16,32,gemma-4-12b-it-qat,2026-09-15 12:51
cloudbreaker,Cloudbreaker,критики,критики отмечают важность стратегии при размещении оружия,,"Критики отмечают наличие стратегии в управлении вооружением, однако выборка отзывов крайне ограничена.",1,1,gemma-4-12b-it-qat,2026-09-16 13:07
crimson-moon,Crimson Moon,критики,"Критики отмечают приятную боевую систему, которая поддерживает как одиночную, так и кооперативную игру.; Игра получила положительные отзывы за визуальную составляющую.; Один из критиков считает, что игра является отличным входом в жанр рогаликов благодаря понятным механикам прогрессии.; Критики хвалят систему прогрессии и наличие гибких настроек сложности.; Один из критиков отмечает, что игра предлагает интересное лор-описание.","Критики указывают на проблемы с камерой, которые могут мешать геймплею.; Некоторые критики недовольны ограниченным разнообразием оружия.; Один из критиков отмечает, что боевая система лишена необходимой динамики, из-за чего прохождение может казаться затяжным.; Критики выделяют технические проблемы, включая вылеты на ПК и отсутствие опций доступности.; Один из критиков называет сюжет игры запутанным.","Отзывы критиков носят преимущественно положительный характер, однако в них часто упоминаются технические огрехи и недостатки в разнообразии контента.",9,9,gemma-4-12b-it-qat,2026-09-15 12:49
crimson-moon,Crimson Moon,игроки,"Один из игроков отмечает, что ему понравилась концепция игры, сочетающая формулу soulslike с элементами roguelike; Один из игроков считает, что прогрессия в игре ощущается заслуженной, а боевая система разнообразна; Один из игроков считает, что игра отличная за свою цену; Один из игроков пишет, что игра обладает сильным сюжетом с самого начала; Один из игроков считает, что боевая система позволяет играть всем, не будучи профессионалом в soulslike","Один из игроков отмечает, что в игре не хватает функций доступности; Один из игроков не одобрил обязательное требование делиться данными для начала игры; Один из игроков считает, что игра очень однообразная, с неуклюжим управлением, медленным откликом и плохим дизайном уровней; Один из игроков отмечает наличие багов и необходимость работы над камерой; Один из игроков считает, что игра находится в незавершенном и непроработанном состоянии","Отзывы игроков разделились: одни хвалят концепцию, сюжет и доступную боевую систему, другие критикуют техническое состояние, однообразность и неудобное управление.",5,31,gemma-4-12b-it-qat,2026-09-15 12:50
elden-ring-tarnished-edition,Elden Ring: Tarnished Edition,критики,"Игра отлично подходит для портативного режима, позволяя проходить масштабное приключение в дороге; Порт включает в себя основную игру, дополнение, дополнительные классы и оружие, что делает его полной версией проекта; Несмотря на технические компромиссы, игра сохраняет высокое качество и масштаб оригинала","Наблюдаются проблемы с производительностью, включая падения частоты кадров; Визуальное качество в порте ниже, чем на более мощных платформах; Один из критиков отмечает сложность освоения новой боевой системы; В игре встречаются технические огрехи, такие как проблемы с подключением и мелкий текст; Один из критиков пишет, что работа онлайн-сессий после режима сна консоли может вызывать раздражение","Отзывы критиков в основном положительные, однако они подчеркивают наличие технических компромиссов в порте для Nintendo Switch 2.",10,53,gemma-4-12b-it-qat,2026-09-15 12:50
elden-ring-tarnished-edition,Elden Ring: Tarnished Edition,игроки,"Игроки отмечают высокое качество графики и визуального исполнения игры; Пользователи хвалят техническое состояние порта, отмечая хорошую оптимизацию и стабильную работу на Nintendo Switch 2; Игрокам нравится возможность играть в портативном режиме; Игроки высоко оценивают объем контента и масштаб открытого мира; Некоторые игроки довольны доступной ценой издания","Один игрок считает графику в этой версии хуже, чем на других платформах; Один игрок пишет, что игра не приносит удовольствия и не стоит затраченных усилий; Один игрок отмечает, что игра совсем не интересная; Один игрок жалуется на низкую частоту кадров, которая портит игровой опыт; Один игрок пишет, что лор игры слишком скрыт","Отзывы игроков в основном положительные, однако встречаются и крайне негативные оценки.",15,140,gemma-4-12b-it-qat,2026-09-15 12:50
halloween-the-game,Halloween: The Game,критики,"Игра успешно передает атмосферу классического фильма 1978 года; Асимметричный мультиплеер интересен благодаря способностям, командной работе и стратегии; Игра создает собственную идентичность в жанре асимметричного хоррора; Наличие короткой, но приятной одиночной кампании является преимуществом; Один из критиков отмечает, что игра дает возможность ощутить обе стороны массового убийства","Игра страдает от технических проблем, включая баги, глитчи и нестабильность; Процесс обучения игроков (onboarding) реализован плохо; Игровой процесс может казаться медленным, устаревшим и однообразным; Один из критиков пишет, что чрезмерное внимание к взаимодействию с NPC мешает динамике игры с другими игроками; Графика в игре имеет свои ограничения","Отзывы критиков разделились: одни хвалят игру за атмосферу и уникальность в жанре, другие жалуются на техническое состояние и медленный темп.",11,12,gemma-4-12b-it-qat,2026-09-15 12:46
halloween-the-game,Halloween: The Game,игроки,игроки хвалят возможность совместной игры с друзьями; в отзывах встречается положительная оценка атмосферы и идеи игры; игроки отмечают наличие хорошего сюжетного режима,игроки жалуются на плохую оптимизацию и наличие множества багов; критики отмечают проблемы с балансом способностей персонажей; в отзывах встречаются нарекания на монотонность и скучный сюжетный режим; игроки критикуют неудобное управление и поведение ИИ; в отзывах встречаются жалобы на низкое качество графики,"Игроки разделились в оценках: одни хвалят игру за возможность веселого совместного прохождения с друзьями и общую концепцию, другие же критикуют проект за плохую оптимизацию, наличие багов, проблемы с балансом и монотонность геймплея.",6,21,gemma-4-12b-it-qat,2026-09-16 10:01
hot-wheels-infinite-rush,Hot Wheels Infinite Rush,критики,"Критики отмечают, что игра успешно передает атмосферу игрушечных машинок и сохраняет суть франшизы в формате открытого мира.; Игрокам нравится увлекательная аркадная формула управления, позволяющая дрифтовать и совершать трюки.; Критики высоко оценили визуальное исполнение, детальную проработку моделей автомобилей и яркие открытые локации.; В игре есть большой выбор коллекционных автомобилей и разнообразных активностей для исследования.; Критики хвалят инструменты для творчества, такие как конструктор трасс, и наличие мультиплеерных режимов.","Критики указывают на повторяющиеся активности и однообразную структуру кампании, которая быстро надоедает.; Один из критиков отмечает, что переход к открытому миру не принес игре значимой ценности.; Критики жалуются на отсутствие системы быстрого перемещения и наличие экранов загрузки, прерывающих погружение.; Критики считают, что прогрессия в игре недостаточно вознаграждает игрока, а некоторые гонки могут казаться слишком жесткими.; Один из критиков пишет, что игра может показаться упрощенной и ориентированной на более молодую аудиторию.","Отзывы критиков имеют смешанный характер, при этом большинство рецензий оценивают игру положительно.",20,28,gemma-4-12b-it-qat,2026-09-15 12:45
hot-wheels-infinite-rush,Hot Wheels Infinite Rush,игроки,"Один из игроков считает, что игра очень веселая и обязательна к прохождению для всех фанатов серии.; Игроки отмечают наличие хорошо проработанного открытого мира с множеством побочных квестов.; Один из игроков пишет, что игра отлично подходит как для аркадного режима, так и для мультиплеера.; Один из игроков отмечает, что в игре присутствует ностальгия по детским воспоминаниям.",,"В выборке представлено мало отзывов, и они имеют разную оценку.",2,11,gemma-4-12b-it-qat,2026-09-15 12:45
knuckle-jet,Knuckle Jet,критики,"Критики отмечают, что процесс прохождения уровней с использованием механик перемещения и сражений ощущается отлично; В отзывах встречается мнение, что проект является достойной работой студии","Критики указывают на частые прерывания динамики игры, которые мешают сохранять темп","В выборке представлен лишь один отзыв, который характеризует игру как качественный продукт с приятными механиками, однако критикует её за периодические сбои в динамике геймплея.",1,1,gemma-4-12b-it-qat,2026-09-16 13:07
marsupilami-2-salsa-palombia,Marsupilami 2 - Salsa Palombia,критики,"Критики хвалят отзывчивое и динамичное управление персонажами, а также разнообразие механик перемещения; В отзывах отмечают яркий визуальный стиль и качественную техническую реализацию; Критики положительно оценивают наличие дополнительных режимов и высокую доступность игры для новичков; Игрокам нравится наличие уникальных способностей у трех главных героев и поощрение исследования уровней; Критики отмечают, что игра хорошо подходит для семейного прохождения и игры на портативных устройствах","В отзывах встречаются нарекания на неудобную смену персонажей и излишне затянутые уровни; Критики отмечают отсутствие полноценного сюжета; В отзывах упоминается, что игра не предлагает принципиально новых механик","Критики в целом положительно оценивают игру как качественный и динамичный платформер с яркой графикой, который хорошо подходит для семейного досуга. В отзывах преобладают позитивные оценки, хотя отмечаются некоторые недостатки в дизайне уровней и отсутствии глубокого сюжета.",6,6,gemma-4-12b-it-qat,2026-09-16 10:01
marvels-wolverine,Marvel's Wolverine,критики,"Критики отмечают сильную и эмоциональную историю, которая раскрывает травмы Логана и подчеркивает его человечность; Боевая система характеризуется как динамичная, жестокая и визуально впечатляющая; Игра получила высокую оценку за качественную актерскую игру и проработку персонажей; Критики хвалят визуальное исполнение и общую подачу игры","Многие критики жалуют на излишнюю линейность игры и однообразные игровые механики; Некоторые авторы указывают на недостаток глубины, нюансов и творческих стандартов студии Insomniac; В отзывах упоминаются технические проблемы, такие как баги прогрессии; Критики критикуют чрезмерную опеку игрока и отсутствие контента после прохождения; Один из критиков считает, что боевая система слишком примитивна и сводится к спаму одной кнопки","Отзывы критиков разделились: одни хвалят игру за сильный сюжет, качественную актерскую игру и драйвовые бои, другие же ругают её за линейность, однообразие и недостаточную глубину по сравнению с предыдущими проектами студии.",20,120,gemma-4-12b-it-qat,2026-09-15 12:44
moonlighter-2-the-endless-vault,Moonlighter 2: The Endless Vault,критики,"Критики отмечают, что игра является качественным улучшением первой части, предлагая более глубокие и детализированные игровые циклы.; Положительно оценены интеграция элементов рогалика, разнообразие билдов и наличие большого объема контента.; Критики хвалят переход на 3D-графику и визуальную составляющую игры.; Игровые механики, включая боевую систему, систему инвентаря и управление магазином, получили положительные отзывы за вовлеченность и продуманность.; Игра характеризуется как технически отполированная и стабильная.","Один из критиков отмечает отсутствие значительных инноваций в управлении магазином.; Критики указывают на наличие проблем с темпом игры: она может быстро надоесть из-за повторения локаций, а также на заметную рутину и долгие загрузки.; Один из критиков пишет, что игра уступила место совершенству в других аспектах в ущерб наличию финала.; Один из критиков отмечает, что в версии 1.0 не добавилось много нового контента по сравнению с ранним доступом.","Отзывы критиков в основном положительные, однако в них часто упоминаются как значительные улучшения по сравнению с первой частью, так и некоторые недостатки, связанные с повторением контента и техническими моментами.",8,9,gemma-4-12b-it-qat,2026-09-15 12:49
moonlighter-2-the-endless-vault,Moonlighter 2: The Endless Vault,игроки,игроки высоко оценивают баланс между исследованием подземелий и управлением магазином в рамках формулы roguelite; в отзывах игра характеризуется как одна из лучших инди-игр текущего года,,"В выборке представлен крайне положительный отзыв, в котором игроки хвалят игру за удачное сочетание механик и высокое качество исполнения.",1,11,gemma-4-12b-it-qat,2026-09-16 10:01
nba-2k27,NBA 2K27,критики,"Критики отмечают, что NBA 2K27 остается лучшим баскетбольным симулятором на рынке, предлагая отличный игровой процесс на площадке.; В игре значительно улучшена система защиты, ставшая более тактической и глубокой.; Игровой процесс характеризуется точной стрельбой, умным движением игроков и качественной симуляцией.; Критики хвалят режим MyNBA за точность и глубину, а также отмечают наличие большого объема контента.; В игре присутствуют новые элементы и улучшения, такие как система Running Mates и режим Fire & Concrete.","Основной проблемой игры являются навязчивые микротранзакции и агрессивная система монетизации.; Критики жалуют на необходимость долгого и однообразного гринда для прогрессии в карьерных режимах.; Некоторые игровые режимы и элементы дополнения критикуются за странные решения, недостаточный темп повествования или отсутствие значительных перемен.","Отзывы критиков носят преимущественно положительный характер, подчеркивая высокое качество баскетбольной симуляции и улучшенную защиту, однако оценки снижаются из-за навязчивой монетизации и рутинного гринда.",18,28,gemma-4-12b-it-qat,2026-09-15 12:47
nba-2k27,NBA 2K27,игроки,,"Один игрок считает игру полной тратой денег.; Один игрок отмечает, что механика бросков стала непоследовательной.; Один игрок пишет, что в игре наблюдается большая задержка при онлайн-игре.; Один игрок пишет, что игра не приносит удовольствия.","В выборке представлено всего два отзыва, оба из которых имеют крайне отрицательный характер.",2,27,gemma-4-12b-it-qat,2026-09-15 12:47
nhl-27,NHL 27,критики,"Критики отмечают улучшение системы физики, корректировки ИИ и аутентичность подачи игры; Игра предлагает более динамичный геймплей, глубокие игровые режимы и аутентичную атмосферу NHL; Критики хвалят визуальное оформление периферийных элементов и общую презентацию; Один из критиков пишет, что игра дает приятный опыт от хоккея, когда атаки проходят идеально; В режиме Hockey Ultimate Team (HUT) появились новые элементы — коучи и тактические планы","Многие критики считают, что игра не предлагает революционных изменений и ощущается скорее как обновление предыдущей части; Один из критиков отмечает наличие неточных сканов лиц и устаревших механик розыгрыша вбрасышей; Критики жалуются на навязчивый режим Hockey Ultimate Team (HUT) с избытком информации; Один из критиков пишет, что игра стоит слишком дорого для продукта с такими минимальными улучшениями; Критики указывают на отсутствие новых игровых режимов и серьезных изменений для постоянных игроков","Отзывы критиков разделились: одни хвалят улучшенную графику и физику, другие считают игру поверхностным обновлением с недостатком инноваций.",12,12,gemma-4-12b-it-qat,2026-09-15 12:44
nhl-27,NHL 27,игроки,"игроки отмечают, что игра приносит много удовольствия",в отзывах встречаются нарекания на низкое качество искусственного интеллекта; критики указывают на проблемы с техническим состоянием и стабильностью игры; игроки жалуются на некорректную работу управления; в отзывах встречаются жалобы на проблемы с комментариями; игроки критикуют отсутствие командного духа и однообразные механики,"Большинство игроков в выборке выражают крайне негативное отношение к игре, критикуя её за технические проблемы, плохой искусственный интеллект и отсутствие новизны по сравнению с прошлыми частями. Несмотря на наличие позитивных отзывов, преобладают жалобы на низкое качество продукта и его высокую стоимость.",6,17,gemma-4-12b-it-qat,2026-09-16 10:01
onimusha-way-of-the-sword,Onimusha: Way of the Sword,критики,"Критики отмечают, что игра успешно сохраняет суть франшизы Onimusha, адаптируя её к современным возможностям; Боевая система получила высокую оценку за отзывчивость, интуитивность и упор на столкновение клинков; Игроки хвалят захватывающие сражения с боссами; Критики отмечают улучшение оптимизации и визуальной подачи благодаря использованию RE Engine; Один из критиков отмечает наличие в игре приятного чувства юмора","Критики указывают на наличие лишнего контента, затянутости и не всегда удачного темпа игры; Некоторые критики недовольны однообразными побочными активностями и недостаточным разнообразием врагов; Один из критиков отмечает, что базовые враги ведут себя слишком пассивно; Критики указывают на слабые аспекты дизайна уровней, структуры мира и прогрессии по сравнению с конкурентами жанра; Один из критиков пишет, что игре не хватает четкой общей концепции","Отзывы критиков в основном положительные, однако они указывают на наличие заметных проблем с темпом игры, избыточным контентом и недостаточной вариативностью врагов на фоне сильной боевой системы.",17,100,gemma-4-12b-it-qat,2026-09-15 12:47
onimusha-way-of-the-sword,Onimusha: Way of the Sword,игроки,"Игроки хвалят боевую систему за разнообразие механик, приятное ощущение от ударов и парирований, а также за динамику сражений.; Многие отметили впечатляющие битвы с боссами, которые выделяются качественными кат-сценами и запоминающимися образами.; Игроки высоко оценили визуальное исполнение, включая дизайн персонажей, анимации и общую атмосферу.; Один из игроков отмечает, что сюжет и персонажи прописаны хорошо и интересно.; Один игрок пишет, что игра обладает отличным визуальным стилем и качественными анимациями.","Критики и игроки жалуются на повторяющиеся элементы: частое использование одних и тех же врагов, повторные битвы с боссами и однообразные побочные задания.; Некоторые пользователи критикуют дизайн уровней и исследование мира, называя их пустыми, скучными или однообразными.; Игроки указывают на проблемы с управлением и техническим состоянием: медлительность движений, отсутствие отзывчивости и плохую работу движка RE Engine.; Один игрок пишет, что игра страдает от плохого баланса, из-за которого обычные противники слишком слабые, а боссы — либо слишком сложными, либо слишком простыми.; Один игрок отмечает, что в игре отсутствуют стандартные раскладки управления для легких и тяжелых атак.","Отзывы на игру имеют смешанный характер: игроки высоко оценивают боевую систему, качество анимаций и битвы с боссами, однако часто жалуются на повторяющийся контент, медлительность управления и проблемы с балансом.",39,564,gemma-4-12b-it-qat,2026-09-15 12:47
orbitals,Orbitals,критики,"Критики отмечают визуальный стиль игры, вдохновленный аниме 80-х и 90-х годов, который многие назвали впечатляющим и запоминающимся; Игрокам нравится кооперативный режим на разделенном экране, который способствует взаимодействию и совместному прохождению; Критики хвалят удобное управление, которое легко освоить новичкам; В игре отмечают приятную музыку и качественную озвучку; Один из критиков отмечает наличие интересных и продуманных механик для совместного прохождения","Критики указывают на недостаточную глубину сюжета, который кажется слишком простым или поспешным; Некоторые рецензенты недовольны коротким объемом контента и недостаточной сложностью пазлов; Один из критиков отмечает проблемы с балансом взаимодействия между игроками, когда один может просто следовать за другим; Критики указывают на технические огрехи в работе камеры в определенных ситуациях","Большинство критиков положительно оценивают Orbitals, особенно выделяя её уникальную визуальную эстетику и удачный кооперативный геймплей. Однако отзывы разделились в оценках длительности игры и глубины повествования, которые многим показались недостаточными.",20,81,gemma-4-12b-it-qat,2026-09-15 12:49
orbitals,Orbitals,игроки,"Игрокам нравится визуальный стиль в духе аниме 1980-х годов, который создает атмосферу старого мультфильма; Пользователи высоко оценили графику, анимации и художественное оформление уровней; Игроки хвалят кооперативный геймплей, который требует взаимодействия и общения между партнерами; Игрокам понравился дизайн уровней и головоломок, которые оцениваются как сложные, но честные; Один из игроков отмечает удобство игры по сети, так как для участия не требуется вторая копия игры или наличие консоли","Игроки жалуются на слабый сюжет, недостаточную проработку персонажей и слишком быстрый темп повествования; Один из игроков пишет, что управление в игре кажется дерганым и не всегда отзывчивым; Игроки критикуют отсутствие одиночного режима, что делает игру недоступной для тех, у кого нет напарника; Один игрок отмечает, что игра ощущается как недоработанный прототип с однообразными задачами и скучным прогрессом; Игроки недовольны техническими аспектами: режимом разделенного экрана, который ограничивает обзор, и наличием диалогов на японском языке","Отзывы игроков разделились: многие хвалят уникальную визуальную стилистику и качественный кооперативный геймплей, однако другие критикуют слабый сюжет, отсутствие одиночного режима и технические огрехи.",19,93,gemma-4-12b-it-qat,2026-09-15 12:49
runescape-dragonwilds,RuneScape: Dragonwilds,критики,"критики отмечают наличие захватывающей и вознаграждающей системы магии; в отзывах встречается мнение о впечатляющем потенциале игры как симулятора выживания; критики хвалят основной игровой цикл, включающий строительство базы, сбор ресурсов и использование заклинаний","критики жалуются на утомительные меню настройки персонажа; в отзывах встречаются нарекания на неясные задания обучения; критики отмечают высокую агрессию противников и малую полосу выносливости, что затрудняет одиночную игру; в отзывах встречаются нарекания на необходимость доработки баланса и удобства управления","Критики оценивают игру как многообещающий проект с сильной магической системой и интересным игровым циклом, однако отмечают проблемы с обучением, балансом и удобством интерфейса, рекомендуя проходить её в кооперативе.",1,6,gemma-4-12b-it-qat,2026-09-16 13:07
sprawl-zero,SPRAWL zero,критики,"Один из критиков отмечает, что игра предлагает увлекательный и доступный опыт для любителей одиночных шутеров.; Критики хвалят динамичный геймплей, основанный на постоянной смене оружия, использовании способностей и взаимодействии с окружением.; Некоторые критики отмечают, что игра успешно передает атмосферу и механику шутеров начала 2000-х годов.; Один из критиков отмечает наличие отличной стрельбы и крутых способностей.; Критики выделяют драйвовую музыку.","Один из критиков отмечает, что навигация в игре может быть туманной.; Критики указывают на наличие противников, которые слишком долго держат бой или прерывают темп сражения.; Один из критиков пишет, что некоторые странные дизайнерские решения портят впечатление от игры.; Критики критикуют сюжет и дизайн уровней.; Один из критиков отмечает, что некоторые уровни длятся дольше, чем следовало бы.","Отзывы критиков разделились: одни хвалят игру за отличную стрельбу и ностальгическую атмосферу шутеров 2000-х, другие указывают на проблемы с дизайном уровней, сюжетом и темпом боя из-за некоторых противников.",8,8,gemma-4-12b-it-qat,2026-09-15 12:46
sprawl-zero,SPRAWL zero,игроки,"Один из игроков считает игру своим любимым шутером года.; Игроки хвалят разнообразие оружия, которое можно забирать у поверженных врагов.; Разнообразные типы противников с уникальными стратегиями и характеристиками делают столкновения свежими.; Игроки отмечают удачную реализацию игрового цикла, который приносит удовольствие.; Бои описываются как разнообразные, дающие чувство силы и сложные в нужные моменты.","Один из игроков отмечает, что уровни могут быть слишком длинными или требовать много возвращений назад.","В выборке представлено всего два отзыва, оба из которых имеют положительную оценку.",2,9,gemma-4-12b-it-qat,2026-09-15 12:46
serious-sam-shatterverse,Serious Sam: Shatterverse,критики,"Один из критиков отмечает, что игра становится увлекательной, когда удается расширить формулу рогалайта и билд персонажа обретает направление.; Один из критиков пишет, что прорубание толп инопланетян новыми и более крупными пушками вызывает восторг.; Один из критиков считает, что в игре присутствуют все составляющие приятного многопользовательского рогалайка.","Один из критиков отмечает, что игре требуется много терпения и готовность игнорировать несколько неинтересных элементов.; Один из критиков считает, что игра проигрывает из-за незначительных улучшений, плохого баланса в одиночном режиме, раздражающей системы оружия и сломанного подбора игроков.; Один из критиков считает, что игра ощущается как низкокачественный способ заработать денег на преданной нише без участия Croteam.; Один из критиков пишет, что большинство прохождений очень похожи из-за повторения локаций, испытаний и врагов.; Один из критиков отмечает, что игра содержит множество багов, которые создают необходимый хаос.","Один из критиков считает, что игра могла бы быть по-настоящему приятной, но на релизе она не приносит удовольствия из-за ужасной прогрессии, посреднего геймплея и большого количества ошибок. В отзывах преобладают негативные оценки.",5,5,gemma-4-12b-it-qat,2026-09-15 12:50
serious-sam-shatterverse,Serious Sam: Shatterverse,игроки,,"Один игрок пишет, что визуальный дизайн игры напоминает мобильную игру.; Игроку не понравился диалог в стиле «кринжовых миллениалов».; Игрок считает геймплей худшей частью игры, называя его неуклюжим и бездушным.; Один игрок отмечает отсутствие эффекта от оружия и странный аудиодизайн.; Игроку не понравилось добавление механики гринда в игру Serious Sam.","В выборке представлен только один отрицательный отзыв, поэтому общая картина игры по нему выглядит крайне негативно.",1,4,gemma-4-12b-it-qat,2026-09-15 12:50
tcg-card-shop-simulator,TCG Card Shop Simulator,критики,критики отмечают удачную передачу атмосферы управления собственным магазином; в отзывах встречается положительная оценка новой добавочной игры в формате TCG,критики указывают на недостаточно подробное обучение в новой игре,"Критики оценивают игру положительно, выделяя реалистичную атмосферу симулятора магазина, однако отмечают недостатки в обучении новой механике.",1,1,gemma-4-12b-it-qat,2026-09-16 13:06
the-alighieri-circle-dantes-bloodline,The Alighieri Circle: Dante's Bloodline,критики,критики отмечают наличие красивого визуального ряда; в отзывах встречается мнение о впечатляющих головоломках; критики выделяют уникальное и качественное изображение ада; в отзывах встречается положительная оценка отношений между героями Габриэле и Делилой; критики хвалят успешное сочетание творческих моментов,критики жалуются на недостаточное количество испытаний; в отзывах встречаются нарекания на разочаровывающий сюжет; критики критикуют слабо проработанные головоломки; в отзывах встречаются жалобы на недостаточный объем контента; критики указывают на недостатки в проработке персонажей во второй половине игры,"Критики разделились в оценках игры: одни хвалят визуальный стиль, уникальную атмосферу и творческий подход к интерпретации произведений Данте, другие же сетуют на слабое повествование, посредственные головоломки и недостаточный объем контента.",4,4,gemma-4-12b-it-qat,2026-09-16 10:01
the-blood-of-dawnwalker,The Blood of Dawnwalker,критики,"Критики отмечают сильный и захватывающий сюжет с интересными поворотами, глубокими персонажами и значимыми выборами игрока; Мир игры проработан детально, обладает атмосферностью и глубоким погружением в темное фэнтези; Игрокам понравились инновационные механики, такие как система навыков для дня и ночи, направленный бой и ограничение по времени в 30 дней; Игра получила положительные оценки за профессиональную полировку, качественный саундтрек и общую увлекательность игрового процесса","Критики указывают на посредственный или примитивный бой, а также на неуклюжие механики управления и перемещения; Некоторые авторы жалуются на однообразный открытый мир, повторяющиеся задания и недостаточную визуальную подачу; Механика ограничения по времени подверглась критике за непоследовательную реализацию, избыточное давление или произвольность; Один из критиков отмечает наличие проблем с техническим состоянием в виде скованных анимаций лиц","Большинство критиков оценивают игру положительно, выделяя сильный сценарий и атмосферу, однако отмечают проблемы с боевой системой и реализацией некоторых механик.",17,69,gemma-4-12b-it-qat,2026-09-15 12:48
the-blood-of-dawnwalker,The Blood of Dawnwalker,игроки,"Один из критиков отмечает, что сюжет и повествование являются лучшим в игре, захватывая с первой минуты.; Один игрок пишет, что мир игры богат и продуман, а квесты в горах запоминаются.; Один игрок отмечает, что игра обладает отличной атмосферой и глубоким погружением в мир.; Один игрок пишет, что озвучка выполнена великолепно, и актеры отлично вжились в роли.; Один игрок отмечает, что механика управления временем интересна, так как заставляет внимательно выбирать активности.","Один игрок пишет, что техническое состояние игры ужасное: встречаются краши, статтеры, скачки FPS и непрогрузка текстур.; Один игрок отмечает, что игра плохо оптимизирована на PS5 и работает крайне плохо в режиме высокого качества.; Один игрок пишет, что камера расположена неудобно и персонаж должен быть в центре экрана.; Один игрок пишет, что управление контроллером очень неудобное и игра, похоже, не оптимизирована под него.; Один игрок пишет, что система боя сложная, но при этом она ощущается неуклюжей и неорганичной.","Отзывы игроков носят крайне противоречивый характер: при наличии высоких оценок за сюжет и атмосферу, многие жалуются на критические технические проблемы и неудобное управление.",43,936,gemma-4-12b-it-qat,2026-09-15 12:48
valheim,Valheim,критики,"Критики отмечают, что игра обладает великолепным визуальным стилем и музыкой.; Игра предлагает масштабные миры с разнообразными биомами и глубокими механиками строительства баз, крафта и прогрессии навыков.; Критики хвалят игру за атмосферу, которая создает напряженные и захватывающие истории.; Один из критиков называет игру эпическим приключением с огромным объемом контента, позволяющим достигать мифических целей.; Критики отмечают, что игра является одной из лучших и наиболее вознаграждающих в жанре выживания.","Один из критиков отмечает наличие некоторых технических проблем.; Один из критиков пишет, что путь к определенным локациям может быть долгим и раздражающим.; Один из критиков жалуется на наличие множества мелких багов.",Все отзывы критиков носят исключительно положительный характер.,10,16,gemma-4-12b-it-qat,2026-09-15 12:45
valheim,Valheim,игроки,"Один из игроков считает игру эталоном жанра крафтинга и выживания.; Игроки отмечают глубокую и уникальную прогрессию между различными биомами.; В игре удачно сочетаются механики приключений, сражений, строительства и фермерства.; Игрокам нравится исследовать разнообразных врагов и сильно отличающиеся друг от друга биомы.; Один из игроков отмечает, что система питания работает как временный бонус к характеристикам, что делает её более вознаграждающей.","Один из игроков считает игру слишком медленной.; Один игрок пишет, что игра требует слишком много терпения из-за медленных действий, таких как рубка деревьев.; Один игрок отмечает, что игра становится невыносимо сложной и нудной в локации Mistlands.; Один игрок крайне недоволен визуальным стилем и интерфейсом игры.; Один игрок критикует игру за отсутствие привычных для жанра функций удобства и называет ландшафт бездушным.","Отзывы игроков носят преимущественно положительный характер, однако встречаются и резкие отрицательные оценки.",15,97,gemma-4-12b-it-qat,2026-09-15 12:45
welcome-to-elderfield,Welcome to Elderfield,критики,"Критикам нравится сочетание атмосферы уютного симулятора фермы с элементами хоррора; Игра выделяется уникальной эстетикой, художественным стилем и атмосферой; Критики отмечают наличие глубоких секретов, многослойности и объема контента в поселении; Один из критиков отмечает, что игра успешно сочетает юмор, хоррор и спокойствие; Один из критиков пишет, что игра напоминает темную версию Stardew Valley","Критики указывают на проблемы с понятностью прогрессии и технические ошибки; Один из критиков отмечает, что прогресс в игре может ощущаться как неприятная рутина; Один из критиков пишет, что некоторым элементам игры требуется более понятное объяснение",Все отзывы критиков носят положительный характер.,10,10,gemma-4-12b-it-qat,2026-09-15 12:44
welcome-to-elderfield,Welcome to Elderfield,игроки,"Один из игроков отмечает, что игра обладает глубокой проработкой мира и детальной атмосферой.; Игроки хвалят музыку и визуальный стиль игры.; Один из игроков пишет, что в игре есть пошаговые RPG-сражения.; Игроки положительно оценивают необычный подход к жанру уютного симулятора фермы с элементами хоррора.; Один из игроков поражен тем, что такая качественная игра создана на движке RPG Maker.","Один игрок пишет, что в игре отсутствуют фильтры для людей с цветовой слепотой.","В выборке представлено четыре положительных отзыва, которые подчеркивают атмосферность и уникальное сочетание жанров.",4,22,gemma-4-12b-it-qat,2026-09-15 12:44
wo-long-fallen-dynasty-complete-edition,Wo Long: Fallen Dynasty - Complete Edition,критики,"Один из критиков отмечает, что игра является отличной альтернативой играм FromSoftware, предлагая свежие изменения в знакомых системах.; Один из критиков пишет, что игра предлагает уникальный стиль в жанре, который хорошо работает.; Один из критиков отмечает, что боевая система основана на парировании и может быть интересной на другом оборудовании.; Один из критиков отмечает, что в игре приятная боевая система и сочетание китайской истории с фольклором.; Один из критиков отмечает, что игра предлагает много вариантов развития собственного стиля в боевых действиях.","Несколько критиков жалуют на плохую оптимизацию порта для Nintendo Switch 2, включая падение частоты кадров и низкое качество графики.; Один из критиков отмечает, что графика выглядит ужасно в режиме производительности.; Один из критиков пишет, что технические проблемы в игре, где важен тайминг, трудно игнорировать.; Один из критиков отмечает, что система морали и флагов мешает ощущению прогресса, а избыток добычи становится утомительным.; Один из критиков отмечает, что игра не кажется такой завершенной, как некоторые другие проекты.","Отзывы критиков разделились: многие хвалят саму игру за уникальную боевую систему и интересные механики, однако большинство отмечает крайне низкое качество технической реализации порта на Nintendo Switch 2.",9,9,gemma-4-12b-it-qat,2026-09-15 12:48
